cod_provin;provincia;cod_canton;canton;15/03/2020;16/03/2020;17/03/2020;18/03/2020;19/03/2020;20/03/2020;21/03/2020;22/03/2020;23/03/2020;24/03/2020;25/03/2020;26/03/2020;27/03/2020;28/03/2020;29/03/2020;30/03/2020;31/03/2020;01/04/2020;02/04/2020;03/04/2020;04/04/2020;05/04/2020;06/04/2020;07/04/2020;08/04/2020;09/04/2020;10/04/2020;11/04/2020;12/04/2020;13/04/2020;14/04/2020;15/04/2020;16/04/2020;17/04/2020;18/04/2020;19/04/2020;20/04/2020;21/04/2020;22/04/2020;23/04/2020;24/04/2020;25/04/2020;26/04/2020;27/04/2020;28/04/2020;29/04/2020;30/04/2020;01/05/2020;02/05/2020;03/05/2020;04/05/2020;05/05/2020;06/05/2020;07/05/2020;08/05/2020;09/05/2020;10/05/2020;11/05/2020;12/05/2020;13/05/2020;14/05/2020;15/05/2020;16/05/2020;17/05/2020;18/05/2020;19/05/2020;20/05/2020;21/05/2020;22/05/2020;23/05/2020;24/05/2020;25/05/2020;26/05/2020;27/05/2020;28/05/2020;29/05/2020;30/05/2020;31/05/2020;01/06/2020;02/06/2020;03/06/2020;04/06/2020;05/06/2020;06/06/2020;07/06/2020;08/06/2020;09/06/2020;10/06/2020;11/06/2020;12/06/2020;13/06/2020;14/06/2020;15/06/2020;16/06/2020;17/06/2020;18/06/2020;19/06/2020;20/06/2020;21/06/2020;22/06/2020;23/06/2020;24/06/2020;25/06/2020;26/06/2020;27/06/2020;28/06/2020;29/06/2020;30/06/2020;01/07/2020;02/07/2020;03/07/2020;04/07/2020;05/07/2020;06/07/2020;07/07/2020;08/07/2020;09/07/2020;10/07/2020;11/07/2020;12/07/2020;13/07/2020;14/07/2020;15/07/2020;16/07/2020;17/07/2020;18/07/2020;19/07/2020;20/07/2020;21/07/2020;22/07/2020;23/07/2020;24/07/2020;25/07/2020;26/07/2020;27/07/2020;28/07/2020;29/07/2020;30/07/2020;31/07/2020;01/08/2020;02/08/2020;03/08/2020;04/08/2020;05/08/2020;06/08/2020;07/08/2020;08/08/2020;09/08/2020;10/08/2020;11/08/2020;12/08/2020;13/08/2020;14/08/2020;15/08/2020;16/08/2020;17/08/2020;18/08/2020;19/08/2020;20/08/2020;21/08/2020;22/08/2020;23/08/2020;24/08/2020;25/08/2020;26/08/2020;27/08/2020;28/08/2020;29/08/2020;30/08/2020;31/08/2020;01/09/2020;02/09/2020;03/09/2020;04/09/2020;05/09/2020;06/09/2020;07/09/2020;08/09/2020;09/09/2020;10/09/2020;11/09/2020;12/09/2020;13/09/2020;14/09/2020;15/09/2020;16/09/2020;17/09/2020;18/09/2020;19/09/2020;20/09/2020;21/09/2020
1;San José;112;Acosta;0;0;0;0;0;0;0;0;0;0;0;0;0;0;0;0;0;0;0;0;0;0;0;0;0;0;0;0;0;0;0;0;0;0;0;0;0;0;0;0;0;0;0;0;0;0;0;0;0;0;0;0;0;0;0;0;0;0;0;0;0;0;0;0;0;0;0;0;0;0;0;0;0;0;0;0;0;0;0;0;0;0;0;0;0;0;0;0;0;0;0;0;0;0;1;1;1;1;2;2;2;2;2;2;2;2;2;2;3;3;5;7;9;9;9;19;22;22;25;25;27;27;29;32;35;37;38;40;41;41;47;47;51;51;54;56;56;62;62;62;68;71;74;78;81;81;92;93;100;110;112;123;127;135;142;147;151;164;169;174;180;185;187;193;197;202;215;222;223;233;239;248;256;259;270;276;292;299;306;316;324;334;342;357;366;371;381;387;393;400;404
1;San José;110;Alajuelita;0;0;0;0;0;0;0;0;0;0;0;0;0;1;2;2;2;3;3;3;3;4;4;4;6;5;7;8;8;12;12;12;12;12;13;14;14;14;14;14;14;14;14;14;14;14;14;14;14;14;14;14;14;14;14;14;14;14;14;14;14;14;14;14;14;14;14;14;14;15;15;15;15;15;15;16;16;17;17;16;16;16;16;20;19;23;23;26;28;30;33;32;33;47;54;56;68;69;75;84;91;97;116;121;126;139;144;172;190;211;223;237;254;263;277;304;343;367;410;435;477;489;516;566;616;672;728;747;748;790;868;904;989;1015;1048;1086;1114;1146;1160;1170;1211;1218;1246;1289;1335;1393;1441;1471;1503;1521;1567;1611;1657;1695;1726;1789;1850;1900;1939;1983;2056;2085;2132;2153;2184;2213;2267;2308;2353;2404;2430;2479;2515;2570;2593;2679;2712;2735;2803;2828;2903;2961;3008;3051;3086;3134;3189;3259;3293;3341;3363
1;San José;106;Aserrí;0;0;0;0;0;0;0;1;2;2;2;2;2;2;2;2;2;2;2;3;3;3;3;4;6;5;6;7;8;9;9;10;11;11;11;11;11;11;11;11;11;12;12;12;12;12;12;12;12;12;12;12;12;12;13;13;13;19;19;19;19;19;20;20;20;20;20;20;20;20;20;21;21;22;22;24;24;24;24;24;24;24;24;28;28;28;28;28;28;29;29;29;29;29;29;29;29;30;30;30;31;31;32;32;35;37;38;39;43;51;53;58;64;81;81;82;91;95;98;99;101;103;115;120;127;136;146;146;149;154;180;183;198;204;218;229;239;242;261;264;274;287;293;309;314;339;346;356;366;382;395;413;422;438;449;454;470;478;488;511;518;535;542;562;582;595;612;626;633;642;650;671;690;702;716;733;744;764;781;798;820;836;845;871;885;912;926;945;956;968;978
1;San José;118;Curridabat;0;0;1;2;3;5;5;5;5;5;5;5;7;8;8;10;11;12;14;14;14;14;14;15;15;20;20;20;22;22;22;22;22;22;22;22;22;22;22;22;22;22;22;22;22;22;22;22;22;22;22;22;22;23;23;23;24;24;24;24;25;25;25;25;25;25;25;25;25;25;25;25;25;25;25;25;25;25;25;25;25;25;25;26;26;27;28;28;29;29;29;29;29;29;29;31;33;34;34;34;35;35;38;40;42;42;49;52;57;66;70;76;93;100;103;109;134;140;144;149;157;179;184;191;202;229;237;244;253;271;292;302;318;328;335;339;357;377;388;395;420;424;433;450;462;492;507;524;549;576;596;632;648;688;704;717;735;762;775;811;844;859;882;903;920;937;988;1019;1034;1054;1083;1099;1135;1164;1200;1214;1219;1249;1285;1325;1351;1397;1421;1434;1447;1490;1497;1542;1597;1638;1655
1;San José;103;Desamparados;4;4;4;4;4;5;4;4;5;5;7;8;12;11;13;13;15;17;18;19;21;21;23;23;27;30;31;34;37;38;39;39;42;44;44;44;44;46;46;47;47;44;45;46;46;46;46;46;46;46;46;46;47;47;48;48;48;48;48;48;48;49;48;48;48;48;48;48;48;48;47;46;46;46;46;46;46;46;46;47;53;54;55;53;53;53;53;55;56;57;57;57;57;58;61;65;77;84;92;95;102;125;138;144;159;164;188;204;251;262;283;308;323;336;363;393;470;497;515;543;576;605;636;709;765;835;871;895;931;964;1058;1106;1192;1219;1281;1338;1387;1415;1445;1464;1518;1546;1576;1623;1665;1785;1833;1873;1921;1968;2023;2129;2195;2260;2326;2406;2473;2527;2567;2669;2739;2822;2870;2915;3005;3101;3168;3268;3314;3414;3445;3549;3625;3704;3800;3901;3963;4019;4129;4240;4339;4460;4535;4633;4668;4744;4856;4956;5036;5105;5140
1;San José;117;Dota;0;0;0;0;0;0;0;0;0;0;0;0;0;0;0;0;0;0;0;0;0;0;0;0;0;0;0;0;0;0;0;0;0;0;0;0;0;0;0;0;0;0;0;0;0;0;0;0;0;0;0;0;0;0;0;0;0;0;0;0;0;0;0;0;0;0;0;0;0;0;0;0;0;0;0;0;0;0;0;0;0;0;0;0;0;0;0;0;0;0;0;0;0;0;0;0;0;0;0;0;0;0;0;0;0;0;0;0;0;0;0;0;0;0;0;0;0;0;0;0;0;0;0;0;0;0;0;0;0;0;0;0;0;0;0;0;0;0;0;0;0;0;0;0;0;0;0;0;0;0;1;2;2;2;5;5;5;5;5;6;6;5;5;5;5;5;6;6;6;6;6;6;6;6;6;6;7;7;7;7;7;7;7;7;8;8;8;8;8;8;8
1;San José;102;Escazú;4;5;5;6;9;11;11;11;11;13;13;13;14;16;17;18;19;18;18;18;18;19;19;19;19;22;23;24;27;27;27;27;27;27;27;27;27;27;29;29;29;29;29;29;29;30;30;30;30;30;30;30;30;30;30;30;30;30;30;30;30;30;30;30;30;30;30;30;30;30;30;30;30;30;30;30;30;30;30;30;30;30;31;31;31;31;31;32;32;34;42;42;42;43;43;43;45;46;46;48;52;56;56;61;62;62;65;65;73;77;92;98;100;111;113;120;135;140;145;148;163;169;200;207;224;240;253;264;267;286;313;324;348;369;380;399;408;416;432;437;456;460;460;477;485;498;515;517;520;539;547;569;597;604;621;624;635;642;663;686;713;737;746;755;768;774;792;815;832;835;844;869;882;923;952;972;974;989;1022;1039;1055;1068;1083;1093;1100;1115;1142;1143;1164;1184;1191
1;San José;108;Goicoechea;0;0;0;1;1;1;0;0;7;7;8;8;9;10;10;10;11;10;11;10;11;11;11;12;13;14;16;16;17;17;18;18;18;18;19;19;19;19;19;20;20;21;21;21;22;22;23;24;24;24;26;27;30;30;30;30;30;30;30;30;30;31;31;32;32;32;32;32;33;33;34;36;37;37;38;38;38;38;38;39;39;39;39;41;43;43;46;47;48;50;50;51;53;54;54;57;58;58;58;61;61;62;66;71;72;76;85;87;101;112;121;126;133;146;160;167;192;200;205;211;225;232;257;273;293;313;338;351;354;379;429;448;481;488;516;552;561;572;591;604;631;636;657;672;692;727;742;779;800;822;844;897;911;931;955;975;1002;1033;1056;1094;1131;1160;1198;1221;1248;1278;1328;1369;1405;1428;1467;1501;1520;1546;1579;1595;1624;1666;1693;1751;1783;1818;1847;1888;1897;1974;2006;2066;2093;2132;2177
1;San José;120;León Cortés Castro;0;0;0;0;0;0;0;0;0;0;0;0;0;0;0;0;0;0;0;0;0;0;0;0;0;0;0;0;0;0;0;0;0;0;0;0;0;0;0;0;0;0;0;0;0;0;0;0;0;0;0;0;0;0;0;0;0;0;0;0;0;0;0;0;0;0;0;0;0;0;0;0;0;0;0;0;0;0;0;0;0;0;0;0;0;0;0;0;0;0;0;0;0;0;0;0;0;0;0;0;0;0;0;0;0;0;0;0;0;0;0;0;0;0;0;0;0;1;1;1;1;1;1;1;1;1;1;1;1;1;1;1;1;1;1;1;1;2;2;4;5;5;5;5;5;5;5;5;5;5;5;5;5;5;8;8;8;8;8;9;9;10;10;10;10;12;12;13;14;14;15;15;15;16;19;20;22;26;29;30;30;31;32;35;36;34;34;35;35;35;35
1;San José;115;Montes de Oca;0;0;0;0;0;2;3;3;3;3;5;5;5;8;8;8;8;9;9;9;9;9;11;12;14;16;16;16;16;16;16;16;16;16;16;16;16;16;16;16;16;16;16;16;16;16;16;16;16;17;17;17;17;17;17;17;17;17;17;17;17;17;17;17;17;17;18;18;18;18;18;18;18;18;18;18;19;19;19;19;19;19;19;19;19;19;19;19;20;20;19;19;19;19;19;19;19;19;19;19;19;20;21;22;22;25;27;29;34;43;46;46;50;52;52;55;61;64;69;72;76;81;82;86;91;99;108;110;113;130;137;144;161;167;185;196;199;200;204;211;218;218;223;233;242;253;264;265;274;276;278;300;308;318;325;343;354;360;362;369;379;396;403;408;416;419;425;437;444;454;460;464;468;473;491;502;511;523;543;556;569;593;602;613;618;641;658;667;680;695;703
1;San José;107;Mora;0;0;0;0;0;0;0;0;0;0;0;0;1;1;1;1;1;1;1;1;1;2;2;2;4;4;4;4;4;4;4;4;4;4;4;4;4;4;4;4;5;6;7;7;7;7;7;7;7;7;7;7;7;7;7;7;7;7;7;7;7;7;7;7;7;7;8;8;8;8;8;8;8;8;8;8;8;8;8;8;8;8;8;8;8;10;11;11;11;12;12;12;12;13;13;13;14;14;14;14;14;14;16;16;16;16;18;19;19;21;27;27;29;28;31;34;40;43;44;44;44;48;55;59;60;62;64;66;66;70;72;77;79;80;86;87;89;92;92;93;98;98;99;106;108;112;118;120;128;130;132;145;153;159;164;170;172;176;181;189;192;201;202;216;224;228;238;250;255;265;267;280;287;298;304;309;318;331;335;339;355;360;363;369;387;395;397;403;416;423;426
1;San José;114;Moravia;0;0;0;1;1;3;4;5;6;6;6;6;7;8;8;8;8;9;10;10;11;11;11;12;12;12;12;12;12;12;12;12;12;12;12;12;12;12;12;12;12;12;12;12;12;13;13;13;13;13;13;13;13;13;13;13;13;13;13;13;13;13;13;13;13;13;13;13;14;14;15;16;15;16;18;18;18;18;18;16;16;16;16;16;16;16;16;16;16;17;17;17;17;17;17;18;19;20;21;20;20;20;21;21;23;28;29;32;39;40;43;44;47;50;52;58;66;68;69;75;82;82;88;98;105;112;118;126;129;136;149;161;182;186;194;207;212;220;232;241;249;252;258;261;269;272;280;284;290;295;302;309;319;324;337;339;341;344;352;360;368;375;382;389;395;403;423;435;442;453;460;469;481;498;507;511;517;523;534;556;570;589;595;605;611;628;631;637;644;657;668
1;San José;119;Pérez Zeledón;1;1;3;3;3;3;3;3;3;3;3;3;3;3;3;3;3;3;3;3;3;3;3;3;3;3;3;3;3;3;3;3;3;3;3;3;3;3;3;3;3;3;3;3;3;3;3;3;3;3;3;3;3;3;4;4;4;4;4;4;4;4;4;4;4;4;4;4;4;4;5;5;5;5;5;5;5;5;5;5;5;5;5;5;5;6;6;6;6;6;6;6;6;6;6;6;6;6;6;6;6;6;6;6;8;8;9;9;9;9;11;11;12;12;12;14;15;17;17;17;18;18;19;19;19;21;21;21;21;23;23;24;26;26;28;31;32;33;35;35;37;38;42;43;44;46;48;50;52;58;58;61;61;63;67;70;74;74;74;75;77;77;78;79;81;83;85;88;89;103;105;110;112;123;130;134;136;139;141;147;150;158;164;168;169;192;196;197;203;228;229
1;San José;104;Puriscal;0;0;0;0;0;0;0;0;0;0;0;0;1;0;0;0;0;0;0;0;0;0;0;0;0;0;1;1;1;1;1;1;1;1;1;1;1;1;1;1;1;1;1;1;1;1;1;2;2;2;2;2;2;2;2;2;2;2;2;2;2;2;2;2;2;2;2;2;2;2;2;2;2;2;2;2;2;2;2;2;2;2;2;2;2;2;2;2;2;2;2;2;2;2;2;2;2;2;2;2;2;3;3;3;4;4;4;6;8;8;8;8;9;10;10;12;13;17;18;18;23;23;23;25;25;30;30;31;32;34;45;46;46;48;51;52;56;58;61;61;65;75;80;81;83;87;97;101;105;113;124;133;136;140;146;151;159;167;167;174;181;188;193;194;198;204;208;211;216;224;229;231;244;256;266;269;275;289;296;299;304;308;314;320;324;329;332;346;355;362;366
1;San José;101;San José;3;4;6;10;14;13;12;17;17;18;21;23;26;29;32;33;36;42;44;46;51;53;59;62;62;67;68;72;74;75;77;82;84;86;87;87;87;89;95;95;95;96;96;97;97;100;99;100;100;100;100;100;100;101;102;102;102;102;104;108;110;114;121;123;124;129;130;132;133;133;137;140;140;142;143;145;145;146;148;157;159;158;160;163;163;163;163;168;178;181;187;188;191;191;195;199;204;217;232;239;269;291;315;348;377;415;443;478;543;614;654;728;863;918;984;1053;1251;1356;1459;1569;1702;1837;1990;2109;2204;2368;2517;2609;2688;2819;2990;3129;3373;3549;3726;3821;3935;4040;4210;4325;4503;4606;4705;4858;5052;5317;5474;5598;5718;5859;5969;6195;6409;6598;6812;6925;7023;7186;7327;7550;7750;7990;8095;8266;8466;8649;8903;9125;9275;9360;9498;9668;9876;10045;10258;10416;10513;10716;10906;11085;11287;11528;11678;11764;11828;11997;12210;12415;12635;12758;12827
1;San José;109;Santa Ana;2;2;3;3;3;6;7;11;14;13;14;16;16;16;19;19;22;24;25;26;26;28;28;28;28;29;29;30;31;35;35;35;35;36;38;39;39;40;40;40;40;40;40;40;41;42;42;42;42;42;42;42;42;42;42;42;42;43;43;43;43;44;44;44;44;44;44;44;44;44;44;44;44;44;44;44;44;44;44;44;44;44;44;45;45;45;45;45;46;46;46;47;47;47;47;47;49;52;53;53;52;53;54;57;62;63;63;66;68;77;81;85;89;98;103;107;109;126;135;139;147;153;159;164;178;193;201;213;216;225;232;250;280;289;297;310;314;330;338;348;391;396;400;410;423;434;443;449;466;474;481;510;525;535;542;544;549;561;587;608;622;645;652;665;679;695;710;735;755;762;771;789;807;826;850;873;878;910;935;946;963;988;1003;1010;1014;1040;1062;1092;1121;1145;1154
1;San José;105;Tarrazú;0;0;0;0;0;0;0;0;0;0;0;0;1;1;1;1;1;1;1;3;3;3;3;3;3;3;4;4;4;4;4;4;4;4;4;4;4;4;4;4;4;4;4;4;4;4;4;4;4;4;4;4;4;4;4;4;4;4;4;4;4;4;4;4;4;4;4;4;4;4;4;4;4;4;4;4;4;4;4;4;4;4;4;4;4;4;4;4;4;4;4;4;4;4;4;4;4;4;4;4;4;4;4;4;4;4;4;4;4;4;4;4;4;4;4;4;4;4;4;4;4;4;4;4;4;4;4;4;4;4;4;4;4;4;5;5;5;5;5;5;8;8;8;8;8;8;8;8;8;8;8;8;8;8;9;9;10;10;10;12;12;11;11;11;12;12;12;12;12;12;12;13;13;14;15;16;16;17;17;18;18;19;19;19;20;20;20;20;20;20;20
1;San José;113;Tibás;1;1;1;1;1;1;2;3;5;6;10;12;11;11;12;12;12;13;12;15;15;16;16;17;17;21;21;21;19;19;19;19;19;19;19;19;19;19;19;19;19;19;19;19;19;19;19;19;19;20;20;20;20;20;20;20;20;20;20;20;20;20;21;21;21;21;22;22;22;24;25;25;25;25;23;23;23;23;23;23;23;23;23;23;23;23;23;23;24;25;25;25;26;27;27;27;29;29;30;30;32;33;33;35;42;43;45;48;53;56;61;71;79;88;102;115;127;142;149;155;180;193;211;227;233;241;265;284;298;318;335;352;383;409;417;429;442;472;480;496;514;528;547;566;583;610;632;643;661;682;693;726;758;769;795;813;826;860;874;907;937;967;982;1007;1033;1054;1080;1106;1122;1136;1162;1201;1217;1250;1279;1303;1337;1368;1389;1420;1463;1490;1510;1522;1535;1577;1588;1601;1626;1657;1661
1;San José;116;Turrubares;0;0;0;0;0;0;0;0;0;0;0;0;0;1;2;2;2;2;2;2;2;2;2;2;2;2;2;2;2;2;2;2;2;2;2;2;2;2;2;2;2;2;2;2;2;2;2;2;2;2;2;2;2;2;2;2;2;2;2;2;2;2;2;2;2;2;2;2;2;2;2;2;2;2;2;2;2;2;2;2;2;2;2;2;2;2;2;2;2;2;2;2;2;2;2;2;6;6;6;6;6;6;6;7;7;7;7;7;7;7;7;7;7;7;8;8;8;8;8;8;9;9;9;9;9;9;9;9;9;9;11;11;12;12;12;12;12;12;13;13;13;13;13;13;14;14;15;16;17;17;18;20;20;21;22;22;22;22;22;22;23;23;23;23;23;24;24;25;25;25;26;28;28;29;30;30;31;31;32;32;32;32;32;32;32;33;33;34;35;37;37
1;San José;111;Vázquez de Coronado;0;0;0;0;0;1;2;2;2;2;2;2;2;2;2;3;3;3;4;5;5;5;5;5;6;7;6;6;6;9;8;8;8;8;8;8;8;8;8;9;9;9;9;9;9;9;9;9;9;9;9;9;9;9;9;9;9;9;9;9;9;9;9;9;9;9;9;9;9;10;11;11;12;12;11;11;11;13;13;14;14;14;15;14;15;15;15;15;16;16;16;17;18;18;18;19;21;23;23;23;25;26;31;32;35;37;37;39;41;43;46;48;49;51;60;69;81;86;89;96;100;103;107;115;117;140;143;144;144;155;180;193;207;210;218;234;241;249;256;256;266;266;270;279;283;299;311;321;327;329;341;353;367;377;385;389;398;410;424;442;454;473;478;495;503;533;547;570;586;600;617;639;647;669;685;696;707;729;746;776;818;838;860;876;883;912;924;952;971;986;1001
2;Alajuela;201;Alajuela;9;12;13;15;18;22;25;26;28;35;36;45;46;53;55;55;58;61;61;62;65;66;66;67;67;69;70;71;71;71;72;73;73;74;74;74;74;75;75;75;75;77;77;77;81;81;81;82;82;82;82;82;82;82;82;82;82;82;82;82;82;83;83;84;84;84;85;85;85;86;86;86;86;86;87;87;88;88;88;89;90;92;100;100;101;101;104;107;110;111;111;112;113;115;115;115;124;129;131;135;138;141;162;170;180;183;193;201;219;239;261;278;310;316;335;357;402;429;467;495;507;529;548;594;623;652;693;737;752;779;804;844;884;949;983;1019;1078;1117;1141;1182;1265;1310;1337;1386;1440;1480;1546;1575;1610;1640;1671;1742;1787;1844;1907;1952;1972;2031;2061;2117;2208;2271;2297;2394;2455;2526;2625;2739;2820;2854;2948;3020;3117;3215;3300;3363;3425;3506;3583;3669;3778;3879;3955;4026;4073;4159;4251;4352;4447;4570;4625
2;Alajuela;205;Atenas;0;1;1;1;1;1;1;2;2;2;2;2;2;2;2;2;2;2;2;2;2;2;2;2;2;2;2;2;2;2;2;2;2;2;2;2;2;2;3;4;4;4;4;4;4;4;4;4;4;4;4;4;4;4;4;4;4;4;4;4;4;4;4;4;4;5;5;5;5;5;5;5;6;6;6;6;6;6;6;6;6;6;6;6;6;6;6;6;6;6;6;6;6;6;6;6;9;9;9;9;9;9;9;10;11;12;12;12;12;12;13;13;13;13;13;15;17;18;21;22;24;25;28;30;34;34;36;39;39;42;44;47;48;51;52;53;55;55;56;58;63;63;66;68;73;78;80;80;80;93;93;98;102;104;104;104;105;110;114;114;120;123;124;124;125;131;133;141;141;144;146;149;152;157;162;164;168;168;174;175;178;182;192;195;196;202;208;214;218;224;225
2;Alajuela;203;Grecia;2;2;3;3;3;5;5;5;5;7;7;9;11;13;13;13;13;14;14;14;14;14;14;14;14;14;15;15;15;15;15;15;15;16;16;16;16;16;16;16;16;16;16;16;16;16;16;16;16;16;16;16;16;16;16;16;16;16;16;16;16;16;16;16;16;16;16;16;16;16;16;16;16;17;17;17;17;17;17;17;18;18;18;18;19;19;19;19;19;19;20;20;20;20;20;20;20;20;20;21;22;22;25;25;24;25;24;28;29;30;30;32;32;32;34;36;40;41;42;45;46;46;47;53;57;59;66;68;73;78;83;84;85;89;90;91;92;95;94;96;101;103;110;112;120;132;149;151;154;155;155;159;173;186;189;193;197;213;220;235;242;244;251;263;272;282;290;298;313;316;322;338;345;361;377;385;391;400;411;415;438;457;467;475;487;500;518;532;549;570;572
2;Alajuela;215;Guatuso;0;0;0;0;0;0;0;0;0;0;0;0;0;0;0;0;0;0;0;0;0;0;0;0;0;0;0;0;0;0;0;0;0;0;0;0;0;0;0;0;0;0;0;0;0;0;0;0;0;0;0;0;0;0;0;0;0;0;0;0;0;0;0;0;0;0;0;0;0;0;0;0;0;0;0;0;0;0;0;0;1;1;1;1;1;1;2;2;2;2;2;2;2;2;4;4;8;9;16;16;18;22;42;51;52;61;61;62;71;71;74;74;83;83;85;85;85;92;92;93;93;93;97;97;99;100;100;101;101;103;103;105;105;107;107;109;109;109;109;109;109;110;109;109;109;110;110;110;111;111;113;113;113;114;114;121;121;121;122;123;126;125;125;125;126;126;128;129;138;138;143;143;145;150;150;153;153;154;155;156;160;167;168;168;172;172;173;173;176;179;178
2;Alajuela;214;Los Chiles;0;0;0;0;0;0;0;0;0;0;0;0;0;0;0;0;0;0;0;0;0;0;0;0;0;0;0;0;0;0;0;0;0;0;0;0;0;0;0;0;0;0;0;0;0;0;0;0;0;0;0;0;0;0;0;0;0;0;0;0;0;0;0;0;0;0;0;0;1;1;1;1;1;3;4;9;12;12;13;13;13;13;13;13;13;13;13;13;13;13;13;14;14;15;44;54;54;55;55;55;55;66;72;75;76;76;77;91;98;98;99;100;103;103;107;109;112;115;115;125;125;136;136;138;139;142;142;142;142;147;147;148;148;152;157;157;158;169;176;176;183;183;183;190;190;192;195;200;202;202;203;204;208;209;209;209;212;212;214;217;217;219;219;224;228;229;230;233;234;233;235;237;244;246;255;258;262;270;276;280;284;289;289;290;296;297;300;304;305;305;305
2;Alajuela;206;Naranjo;0;0;0;0;0;0;0;0;0;0;0;0;0;1;1;1;1;3;3;4;4;4;4;4;4;4;4;4;4;4;4;4;4;4;4;4;4;4;5;5;5;5;5;5;5;5;5;5;5;5;5;5;6;6;7;9;9;9;9;9;9;9;9;9;9;10;10;10;11;11;11;11;11;11;12;12;12;12;12;12;12;12;12;12;12;12;12;12;12;13;13;13;13;13;13;13;13;13;13;13;13;13;13;14;16;16;16;18;20;20;25;25;25;25;27;29;30;33;35;36;37;43;44;49;50;64;65;66;69;74;76;77;80;90;100;101;102;106;108;114;123;129;132;132;147;156;162;164;175;179;183;188;200;212;221;224;229;235;238;263;276;283;288;306;327;334;347;357;360;363;380;384;399;414;417;417;422;439;446;457;469;482;484;490;496;513;516;527;537;544;544
2;Alajuela;209;Orotina;0;0;0;0;0;0;0;0;0;0;1;1;3;3;4;5;5;5;5;5;5;6;6;7;7;7;7;7;7;7;7;7;7;7;7;7;7;7;7;7;7;7;7;7;7;7;7;7;7;7;7;7;7;7;8;8;8;8;8;8;8;8;8;8;8;8;8;8;8;8;8;8;8;8;8;8;8;8;9;9;9;9;9;9;9;9;9;9;9;9;9;9;9;9;9;9;9;9;9;9;9;9;9;10;10;10;10;10;10;10;11;11;11;11;11;13;13;13;14;14;13;13;13;13;13;14;13;13;13;13;13;14;16;16;16;15;16;16;16;16;19;19;19;20;22;21;21;22;24;25;25;26;27;30;30;31;33;33;33;36;36;36;37;38;41;47;48;52;52;56;59;59;63;67;68;69;74;74;76;83;90;92;97;97;101;103;105;110;118;121;121
2;Alajuela;207;Palmares;0;0;0;0;0;0;0;0;1;1;1;1;1;5;6;5;6;6;7;7;8;10;11;11;11;11;11;11;11;11;11;11;11;11;11;11;11;11;11;11;11;11;11;11;11;11;11;11;11;11;11;11;11;11;11;11;11;11;11;11;11;12;12;12;12;12;12;12;12;12;12;12;12;12;12;12;12;12;12;12;12;12;12;12;12;12;12;12;12;12;12;12;12;12;12;12;12;12;12;12;12;13;13;13;14;14;14;16;18;18;27;28;32;36;37;37;39;40;42;46;49;49;49;55;56;56;56;56;57;61;61;62;62;63;64;66;67;67;68;73;76;82;86;88;96;96;98;100;106;107;109;109;115;122;123;125;128;132;135;142;146;158;162;174;182;183;192;204;206;210;215;223;229;238;245;245;251;253;257;268;274;280;286;295;301;307;319;325;329;335;337
2;Alajuela;208;Poás;1;1;1;2;4;4;5;5;5;5;5;5;6;6;6;6;6;6;6;6;7;7;7;7;6;6;6;6;6;6;6;6;6;6;6;7;7;7;7;7;7;6;6;6;6;6;6;6;6;6;6;6;6;6;6;6;6;6;6;6;6;6;6;6;6;6;6;6;6;6;6;6;6;6;6;6;6;6;6;6;6;6;6;8;8;9;9;9;9;9;9;9;9;11;12;13;14;14;14;14;14;15;15;16;16;16;16;16;16;16;18;18;18;18;19;19;21;22;24;26;26;26;32;37;38;44;47;47;48;50;51;53;54;57;60;62;64;66;69;75;78;81;83;86;91;94;95;95;99;100;100;103;105;108;111;118;122;127;128;132;132;140;159;165;171;174;182;197;202;203;209;212;215;219;222;226;230;240;250;254;265;271;280;284;286;291;296;305;313;321;323
2;Alajuela;216;Río Cuarto;0;0;0;0;0;0;0;0;0;0;0;0;0;0;0;0;0;0;0;0;0;0;0;0;0;0;0;0;0;0;0;0;0;0;0;0;0;0;0;0;0;0;0;0;0;0;0;0;0;0;0;0;0;0;0;0;0;0;0;0;0;0;0;0;0;0;0;0;0;0;0;0;0;0;0;0;0;0;0;0;0;0;0;0;0;0;0;0;0;0;0;0;0;1;1;1;0;0;0;0;0;0;0;0;0;0;0;0;0;0;0;0;0;0;0;0;0;0;0;0;0;1;1;4;4;4;4;4;4;4;4;5;6;6;6;6;7;7;8;8;12;12;14;14;14;18;18;18;18;18;20;20;23;24;25;27;29;32;32;33;38;40;46;49;56;59;68;92;100;100;108;118;128;134;148;149;154;158;169;176;185;187;193;195;196;216;222;250;258;262;265
2;Alajuela;210;San Carlos;0;0;0;0;0;2;2;2;3;5;5;6;8;8;8;10;8;9;11;10;11;16;17;19;22;24;28;28;29;29;29;29;29;29;29;29;29;29;29;29;29;29;29;29;29;29;29;29;31;29;29;29;30;30;30;30;30;30;30;30;30;30;30;30;30;31;31;31;31;31;32;33;33;35;36;41;44;44;51;55;59;68;71;74;101;108;115;147;152;157;164;185;188;196;201;206;205;207;225;232;235;245;247;253;255;256;260;259;259;263;276;286;289;289;298;300;307;310;313;319;322;332;335;336;340;357;365;372;377;390;398;404;417;425;441;451;450;472;490;491;503;515;518;530;539;569;584;588;617;638;645;661;670;682;699;705;724;761;777;807;832;854;869;895;971;994;1037;1078;1096;1113;1159;1208;1249;1289;1323;1368;1382;1399;1472;1510;1555;1614;1643;1665;1687;1720;1789;1838;1893;1956;1979
2;Alajuela;204;San Mateo;0;0;0;0;0;0;0;0;0;0;0;0;0;0;0;0;0;0;0;0;0;0;0;0;0;0;0;0;0;0;0;0;0;0;0;0;0;0;0;0;0;0;0;0;0;0;0;0;0;0;0;0;0;0;0;0;0;0;0;0;0;0;0;0;0;0;0;0;0;0;0;0;0;0;0;0;0;0;0;1;1;1;1;1;1;1;1;1;1;1;1;1;1;1;1;1;1;1;1;1;1;1;1;1;1;1;1;1;1;1;1;1;1;1;2;2;2;2;3;3;3;3;4;4;4;4;4;4;4;4;4;4;4;4;4;4;4;4;4;4;4;4;5;5;5;5;5;5;5;5;5;5;5;6;6;6;6;6;7;7;7;7;7;7;7;8;8;8;9;9;9;9;9;9;9;9;9;9;10;12;12;12;12;12;13;13;13;13;14;16;17
2;Alajuela;202;San Ramón;0;0;0;0;0;0;0;0;0;0;0;0;3;3;3;3;3;3;4;4;6;7;7;7;8;10;10;11;11;11;11;11;11;11;11;11;11;11;11;11;11;11;11;11;11;11;12;12;12;14;14;14;14;14;14;15;16;16;16;16;17;17;17;17;17;17;17;18;18;18;18;19;19;27;31;33;43;43;43;43;48;52;54;56;61;61;61;72;101;115;119;121;122;122;122;122;123;124;124;125;126;127;127;129;128;130;131;133;135;135;147;152;157;160;163;166;169;170;178;179;183;187;187;193;198;203;207;210;211;212;212;215;217;226;228;231;233;239;242;245;251;268;276;280;287;291;295;298;301;305;307;317;328;331;332;337;341;347;351;359;362;367;386;399;410;421;429;443;455;464;475;486;494;498;508;514;517;530;536;559;568;575;592;597;608;611;626;641;647;658;669
2;Alajuela;212;Sarchí;0;0;0;0;0;0;0;0;0;0;0;2;3;4;4;4;3;3;3;4;4;4;4;4;4;4;5;5;6;6;6;6;6;6;6;6;6;6;6;6;6;6;6;6;6;6;6;6;6;6;6;6;6;6;6;6;6;6;6;6;6;6;6;7;7;8;8;8;8;8;8;8;8;8;8;8;8;8;8;8;8;8;8;13;13;8;8;8;8;8;8;8;8;8;8;8;8;8;8;8;8;8;8;8;8;8;8;8;8;9;9;9;92;9;9;9;10;11;13;15;15;17;17;17;19;20;21;21;21;26;26;28;29;30;32;32;32;32;32;32;32;33;33;33;34;36;36;39;39;39;42;42;42;43;43;43;43;45;45;46;47;49;49;49;49;51;52;53;54;54;54;58;62;63;66;66;66;67;74;75;80;81;82;84;84;87;88;93;95;101;101
2;Alajuela;213;Upala;0;0;0;0;0;0;0;0;0;0;0;0;0;0;0;0;0;0;0;0;0;0;0;0;0;0;0;0;0;0;0;0;0;0;0;0;0;0;0;0;0;0;0;0;0;0;0;0;0;0;0;0;0;0;0;0;1;1;1;1;1;1;1;1;1;4;4;4;4;4;4;4;4;4;4;4;4;4;5;5;5;9;10;10;16;23;25;28;29;42;45;47;46;46;46;50;54;55;59;60;58;59;62;76;76;78;78;85;86;87;89;91;9;109;108;108;111;113;113;114;115;116;117;118;117;117;118;122;121;119;119;119;119;119;120;120;120;120;119;119;120;121;119;119;119;121;121;121;122;123;124;128;128;130;131;131;131;134;135;135;135;137;138;145;148;151;153;161;164;164;173;175;175;175;177;179;179;183;186;186;188;189;191;194;194;197;202;207;212;214;220
2;Alajuela;211;Zarcero;0;0;0;0;0;0;0;0;0;0;0;0;0;0;0;0;0;0;0;0;0;0;0;0;0;0;0;0;0;0;0;0;0;0;0;0;0;0;0;0;0;0;0;0;0;0;0;0;0;0;0;0;0;0;0;0;0;0;0;0;0;0;0;0;0;0;0;0;0;0;0;0;0;0;2;2;2;2;2;4;5;7;7;9;9;9;9;9;9;9;9;9;9;9;9;9;9;9;9;9;9;9;9;9;9;9;9;10;10;10;12;12;12;12;12;12;12;12;12;12;12;12;12;12;12;12;12;12;12;17;19;18;18;18;18;18;18;18;19;21;23;23;24;24;24;26;27;29;30;30;32;32;32;35;35;35;35;35;35;37;37;38;38;38;38;38;40;44;44;45;45;53;56;58;78;78;82;82;95;98;109;120;122;122;122;127;134;143;153;153;153
3;Cartago;306;Alvarado;0;0;0;0;0;0;0;0;0;0;1;1;1;1;1;1;1;1;1;1;1;1;1;1;1;1;1;1;1;1;1;1;1;1;1;1;1;1;1;1;1;1;1;1;1;1;1;1;1;1;1;1;1;1;1;1;1;1;1;1;1;1;1;1;1;1;1;1;1;1;1;1;1;1;1;1;1;1;1;1;1;1;1;1;1;1;1;1;1;1;1;1;1;1;1;1;1;1;1;1;1;1;1;1;1;1;1;1;2;2;2;2;2;2;2;2;2;2;2;2;2;2;3;4;4;4;4;4;5;5;6;6;7;8;8;8;8;8;8;8;8;8;8;8;9;9;9;9;9;9;9;9;10;10;12;15;16;21;19;20;23;24;24;24;25;25;25;26;26;26;29;32;35;36;39;39;40;41;44;47;47;49;50;51;51;51;54;55;55;57;59
3;Cartago;301;Cartago;0;0;1;3;4;4;4;4;4;4;4;5;5;5;5;5;5;6;6;8;7;7;8;9;11;12;12;13;12;12;13;13;13;13;13;13;13;13;13;13;13;13;13;13;13;13;13;13;16;17;17;17;17;17;17;17;17;17;17;17;17;17;17;17;17;17;17;17;17;17;17;17;18;19;19;19;19;19;19;19;19;20;20;20;20;20;20;21;22;22;23;22;22;22;22;22;24;24;24;25;25;27;30;30;32;34;34;35;35;39;41;45;46;49;49;56;61;66;70;72;74;79;80;86;89;93;102;106;109;120;138;141;151;153;164;172;177;182;191;196;199;204;214;218;218;227;239;243;253;260;268;285;294;301;304;313;320;334;348;362;380;393;409;419;436;454;484;509;530;542;563;584;610;642;670;685;698;716;759;785;801;837;856;891;902;927;956;997;1011;1026;1035
3;Cartago;308;El Guarco;0;0;0;0;0;0;0;0;0;0;0;2;2;2;3;4;4;4;4;5;5;5;5;5;5;5;5;5;5;5;5;5;5;5;5;5;5;5;5;5;5;5;5;5;5;5;5;5;5;5;5;5;5;5;5;5;5;5;5;5;5;5;6;6;6;6;6;6;6;6;6;6;6;6;6;6;6;6;6;6;6;6;6;6;6;7;7;7;7;7;7;7;7;7;7;7;8;8;9;9;9;9;10;10;10;11;12;13;13;15;15;16;17;17;17;18;22;22;22;23;24;24;24;27;27;27;29;30;31;33;39;39;44;46;48;51;54;55;56;56;56;56;58;61;62;66;66;68;69;70;71;73;76;77;79;81;81;85;91;96;100;105;109;111;117;130;145;149;150;156;160;167;168;173;188;194;198;209;217;224;237;249;254;259;266;270;278;291;295;310;315
3;Cartago;304;Jiménez;0;0;0;0;0;0;0;0;0;2;2;2;2;2;2;2;2;2;2;2;2;2;2;2;2;2;2;2;2;2;2;2;2;2;2;2;2;2;2;2;2;2;2;2;2;2;2;2;2;2;2;2;2;2;2;2;2;2;2;2;2;2;2;2;2;2;2;2;2;2;2;2;2;2;2;2;2;2;2;2;2;2;2;2;2;2;2;2;2;3;3;3;3;3;3;4;5;5;5;5;5;6;6;8;8;8;8;8;8;8;8;8;8;8;8;8;8;8;8;8;8;8;8;8;8;8;8;8;8;9;10;10;10;10;10;10;10;10;10;10;11;11;9;9;9;10;10;10;10;11;11;13;13;14;14;14;17;17;22;23;23;23;23;23;23;23;23;23;23;25;28;28;30;30;33;35;35;38;41;44;44;46;47;49;49;51;53;56;58;60;61
3;Cartago;303;La Unión;1;1;1;2;2;2;5;5;6;6;6;6;6;7;7;8;9;9;10;10;10;10;10;10;10;11;12;12;15;14;14;14;17;16;16;16;16;16;16;17;17;21;21;21;21;21;22;22;23;23;23;23;23;23;23;23;23;23;23;23;23;24;24;24;24;24;24;25;25;25;25;26;26;26;26;26;26;26;26;27;27;27;27;28;28;28;28;31;31;31;31;32;32;33;36;38;39;42;44;44;47;47;48;48;50;53;62;67;73;82;85;87;91;95;99;105;129;135;138;142;150;172;184;195;205;216;229;238;241;259;282;304;337;360;379;388;396;405;411;419;438;445;453;459;478;505;511;524;541;561;569;603;628;660;679;691;709;728;754;787;810;836;858;874;905;922;953;977;1014;1029;1048;1082;1105;1158;1217;1240;1249;1295;1339;1383;1417;1451;1487;1509;1526;1557;1594;1641;1666;1701;1718
3;Cartago;307;Oreamuno;0;0;0;0;0;0;0;0;0;0;0;2;3;3;3;3;3;4;4;4;4;4;4;4;4;4;4;4;5;5;5;5;5;5;5;5;5;5;5;5;5;5;5;5;5;5;5;5;5;5;5;5;5;5;5;5;5;5;5;5;5;6;6;6;6;6;7;8;8;8;8;8;8;8;8;8;8;8;8;8;8;8;8;8;8;8;8;8;8;8;8;8;8;9;9;11;11;12;12;12;12;13;13;13;13;13;14;14;15;16;16;16;18;19;19;19;20;20;20;21;31;31;32;35;36;39;42;42;44;52;52;53;57;57;57;57;60;63;65;66;67;69;69;70;71;73;75;79;81;84;86;87;91;102;107;135;137;143;147;150;158;163;182;186;193;209;223;234;242;250;258;264;279;295;310;312;314;322;330;347;351;367;381;391;401;409;423;435;452;459;462
3;Cartago;302;Paraíso;0;0;0;0;0;0;0;0;0;0;0;0;0;0;0;0;0;0;0;0;1;1;1;1;1;1;1;1;1;1;1;1;1;1;1;1;1;1;1;1;1;1;1;1;1;1;1;1;1;1;1;1;1;1;1;1;1;2;2;2;2;2;2;2;2;2;2;2;2;2;2;2;2;2;2;2;2;2;2;2;2;2;2;2;2;3;3;3;3;4;4;4;4;4;4;5;6;6;6;6;6;6;6;6;6;7;8;8;8;8;9;9;10;10;10;10;12;13;13;14;14;14;15;20;21;23;23;24;26;27;33;33;35;35;36;38;39;40;44;45;47;47;49;50;50;54;55;55;58;61;63;64;68;75;76;79;81;83;83;89;94;99;104;105;112;116;118;123;125;132;136;141;146;158;163;166;167;172;183;194;201;213;221;225;228;238;242;249;258;259;264
3;Cartago;305;Turrialba;0;0;0;0;0;0;0;0;0;0;0;0;0;0;0;0;0;0;0;0;0;0;0;1;1;1;1;1;1;1;1;1;1;1;1;1;1;1;1;1;1;1;1;1;1;1;1;1;1;1;1;1;1;1;2;2;2;2;2;2;2;2;2;2;2;2;2;2;2;2;2;2;2;2;2;2;2;2;2;3;2;2;2;2;2;2;2;2;2;2;2;2;2;2;3;2;2;2;2;2;2;2;2;2;2;2;2;2;2;2;2;3;3;5;5;7;5;5;5;6;8;9;10;11;12;12;13;13;13;8;10;13;13;15;20;20;20;21;23;25;26;27;22;23;23;24;25;25;30;33;34;36;39;44;47;49;50;51;53;58;64;69;69;70;72;76;81;83;87;88;90;92;93;97;103;103;102;106;115;125;128;136;141;144;148;158;166;173;179;182;184
4;Heredia;402;Barva;1;1;1;1;2;1;1;1;1;1;1;1;2;2;2;2;2;3;3;6;6;6;6;6;6;7;8;8;8;8;8;8;8;8;8;8;8;8;8;8;8;8;8;8;8;8;8;8;8;8;8;8;8;8;8;8;8;8;8;8;8;8;8;8;8;8;8;8;8;8;8;8;8;8;8;8;8;8;8;9;9;9;9;9;9;9;9;11;12;13;13;13;13;13;13;15;15;15;15;15;15;16;17;22;24;27;27;31;33;34;34;34;36;38;38;39;43;45;48;52;55;56;60;61;70;73;78;96;99;105;108;111;116;117;122;122;125;132;133;135;140;141;144;147;152;158;162;173;177;186;189;196;204;206;213;215;221;227;235;247;258;267;272;283;298;315;324;338;339;352;359;374;382;403;416;425;443;455;470;490;508;523;526;537;547;574;578;594;606;621;626
4;Heredia;407;Belén;1;1;1;1;0;0;0;0;0;0;1;1;1;1;1;2;2;2;2;2;2;2;2;2;2;3;4;4;4;4;4;4;4;4;4;4;4;4;4;4;4;4;4;4;4;4;4;4;4;4;4;4;4;4;4;4;4;4;4;4;4;4;4;4;4;4;4;4;4;4;4;4;4;4;4;4;4;4;4;4;5;5;5;7;7;7;7;10;10;13;13;13;13;14;14;15;14;16;17;17;19;21;21;24;29;29;29;30;31;32;35;41;43;43;43;43;50;50;53;55;56;56;56;60;61;62;63;65;65;66;66;66;71;74;74;76;78;81;81;83;84;85;87;95;98;101;108;109;117;121;127;135;140;149;152;154;155;159;167;168;174;175;177;186;192;194;202;210;214;219;222;230;241;254;264;267;269;279;282;293;299;308;312;317;325;332;339;351;355;366;368
4;Heredia;408;Flores;0;0;0;2;0;0;0;0;0;0;1;1;1;1;1;1;1;1;1;1;1;1;1;1;1;1;1;1;1;1;1;1;1;1;1;1;1;1;1;1;1;1;1;1;1;1;1;1;1;1;1;1;1;1;1;1;1;1;1;1;1;1;1;1;1;1;1;1;1;1;1;1;1;1;1;1;1;1;1;1;1;1;1;1;1;1;1;1;2;2;2;2;2;2;3;4;5;5;5;5;5;5;6;7;8;10;10;11;11;12;12;15;17;17;19;20;24;24;25;26;29;30;33;36;39;40;41;45;46;49;52;53;57;58;64;66;68;71;73;74;76;77;79;85;86;88;90;92;92;100;101;109;116;127;131;133;136;144;148;157;172;176;177;184;193;200;205;214;216;223;225;235;247;256;263;264;269;277;281;290;295;298;300;304;310;317;325;330;337;355;358
4;Heredia;401;Heredia;1;1;1;1;4;4;4;4;6;7;9;9;9;9;9;9;11;13;15;15;15;16;16;16;16;16;16;16;16;16;16;16;16;16;17;17;17;17;17;17;17;17;17;17;17;17;17;17;17;19;19;31;31;31;31;31;31;31;31;35;43;43;44;44;44;44;45;45;44;44;44;44;44;44;44;44;45;45;47;48;49;52;56;59;59;59;59;67;72;78;79;81;86;94;94;99;104;108;115;118;122;131;138;144;153;159;165;176;184;205;214;237;242;253;263;280;307;323;347;375;400;422;453;470;487;496;521;531;559;581;611;636;658;706;718;741;754;786;828;838;872;890;937;972;1000;1053;1094;1107;1138;1177;1213;1279;1315;1341;1377;1401;1433;1474;1493;1562;1589;1620;1650;1680;1743;1779;1828;1877;1908;1936;1971;2025;2090;2155;2203;2270;2317;2368;2431;2476;2548;2599;2637;2663;2719;2777;2822;2893;2909;2950;2981
4;Heredia;406;San Isidro;0;0;0;0;0;0;0;0;0;0;0;0;0;0;0;1;1;1;1;1;1;1;1;1;1;1;1;1;1;1;1;1;1;1;1;1;1;1;1;1;1;1;1;1;1;1;1;1;1;1;1;1;1;1;1;1;1;1;1;1;1;1;1;1;1;1;1;1;1;1;1;1;1;1;1;1;1;1;1;1;1;1;2;1;1;1;1;1;1;1;1;1;1;1;1;1;1;1;1;1;1;4;4;5;5;5;7;8;10;12;13;15;15;15;17;20;25;27;33;36;39;39;43;44;47;48;51;56;59;59;64;69;71;72;75;77;80;81;87;91;95;97;97;100;104;119;123;127;128;129;137;154;159;169;171;171;171;175;184;185;189;189;191;191;197;206;208;210;220;220;226;238;243;253;265;267;277;282;292;296;308;315;316;322;327;330;346;359;375;380;382
4;Heredia;409;San Pablo;1;1;1;1;3;3;3;4;4;4;4;4;5;5;7;8;9;9;9;10;12;12;12;12;12;12;12;12;12;12;13;13;13;13;13;13;13;13;13;13;13;13;13;13;13;13;13;13;13;13;13;13;13;13;13;13;13;13;13;13;13;13;13;13;13;13;13;13;13;13;13;13;13;13;13;13;13;13;14;15;16;20;20;20;21;21;21;21;21;26;26;26;26;26;26;26;27;27;27;27;27;27;27;29;29;29;28;29;31;32;32;38;38;39;40;46;48;48;51;57;59;61;62;73;79;81;81;84;87;89;90;93;98;99;110;111;115;118;121;123;127;130;134;135;140;150;156;162;164;172;172;178;185;190;197;198;199;201;211;222;230;235;238;249;258;265;274;286;286;293;303;313;321;333;341;350;357;360;370;379;387;398;401;408;413;431;435;437;443;452;456
4;Heredia;405;San Rafael;0;0;0;0;0;0;1;2;2;2;2;2;3;5;5;5;6;6;6;6;6;6;6;7;7;10;10;10;10;10;10;10;10;10;10;10;10;10;10;10;10;10;10;10;10;10;10;10;10;10;10;10;10;10;10;10;10;10;10;10;10;10;10;10;10;10;10;10;10;10;10;10;10;10;10;11;11;11;11;11;12;12;12;12;12;11;11;11;13;13;14;15;15;15;17;18;22;22;23;24;24;24;26;27;27;28;28;30;32;33;37;39;45;50;53;58;60;63;64;70;77;78;88;103;106;112;116;119;128;131;134;141;149;151;151;157;158;162;168;173;179;189;194;204;214;218;227;245;252;255;268;287;295;311;316;323;330;335;343;357;366;375;381;391;404;423;433;445;452;462;474;490;505;526;533;554;559;572;593;614;634;650;654;666;679;693;714;727;748;764;778
4;Heredia;404;Santa Barbara;0;0;0;1;1;1;1;1;2;2;2;2;2;2;3;3;3;3;3;3;3;3;3;3;3;3;3;3;3;3;3;3;3;3;3;3;3;3;3;3;3;3;3;3;3;3;3;3;3;3;3;3;3;3;3;3;3;3;3;3;3;3;3;3;3;3;3;3;3;3;3;3;3;3;3;3;3;3;3;3;3;3;3;3;3;3;3;3;3;4;6;6;6;6;6;6;7;9;9;10;12;14;14;14;15;15;15;16;16;20;22;23;23;23;23;24;26;30;32;39;41;42;46;50;57;57;61;61;62;63;65;69;71;75;76;78;82;86;88;90;91;92;95;96;104;108;117;122;126;131;133;145;152;159;168;171;173;176;177;187;191;198;201;209;215;221;230;242;248;253;260;274;286;294;299;307;310;321;326;338;350;371;374;379;385;401;405;417;427;443;447
4;Heredia;403;Santo Domingo;0;0;0;1;1;1;1;1;1;1;2;3;3;3;3;3;3;3;5;5;5;5;5;5;5;5;5;6;6;6;5;5;5;5;5;5;5;6;6;6;6;6;6;6;6;6;6;6;6;6;6;6;6;6;6;6;6;6;6;6;7;7;7;7;8;8;8;8;8;8;8;9;9;9;9;10;10;10;10;10;10;10;10;10;11;11;11;11;11;12;12;13;13;13;13;13;14;14;14;14;15;16;16;16;18;19;20;21;22;25;30;33;37;37;39;42;49;50;52;53;56;58;63;69;73;77;95;103;103;113;124;137;145;151;160;161;165;170;172;180;187;194;196;203;206;232;250;251;252;261;272;290;300;312;322;325;330;338;365;376;395;407;409;423;435;456;471;499;502;517;528;544;561;576;602;608;610;625;636;646;671;698;713;719;728;741;755;773;796;810;816
4;Heredia;410;Sarapiquí;0;0;0;0;0;0;0;0;0;0;0;0;0;0;0;0;0;0;0;0;0;0;0;0;0;0;0;0;0;0;0;0;0;0;0;0;0;0;0;0;0;0;0;0;0;0;0;0;0;0;0;0;0;0;0;0;0;0;0;0;0;0;0;0;0;0;0;0;1;1;1;1;1;1;2;2;3;3;4;4;5;5;5;5;4;5;7;7;7;5;6;6;7;7;7;7;7;7;7;7;8;9;9;9;10;10;10;10;10;10;12;12;12;12;12;12;12;12;12;15;15;15;15;15;16;17;18;20;20;23;25;25;27;27;28;29;30;30;32;34;36;38;40;42;42;45;46;48;51;53;53;56;56;58;58;59;62;63;64;65;66;68;69;76;83;85;92;100;102;103;104;110;117;130;135;137;142;149;157;163;179;189;198;219;234;252;271;291;294;301;304
5;Guanacaste;507;Abangares;0;0;0;0;0;0;0;0;0;0;0;0;0;0;0;0;0;0;0;0;0;0;0;0;0;0;0;0;0;0;0;0;0;0;0;0;0;0;0;0;0;0;0;0;1;1;1;1;1;1;1;1;1;1;1;1;1;1;1;1;1;3;3;3;3;4;4;5;6;6;6;10;10;17;17;17;17;18;20;20;20;20;20;20;20;20;20;20;21;21;20;20;20;20;20;20;20;20;20;21;21;21;21;21;21;21;21;21;21;22;22;22;22;25;27;27;26;26;26;26;26;26;26;26;27;27;27;27;27;27;27;27;27;27;27;27;28;28;29;30;32;33;33;33;33;34;34;34;34;34;34;34;34;34;35;36;36;36;36;37;38;39;40;41;42;45;49;52;54;54;55;56;60;62;65;66;66;66;66;68;68;68;68;69;69;72;73;73;79;79;79
5;Guanacaste;504;Bagaces;0;0;0;0;0;0;0;0;0;0;0;0;0;0;0;0;0;0;0;0;0;0;0;0;0;0;0;0;0;0;0;0;0;0;0;0;0;0;0;0;0;0;0;0;0;0;3;3;5;5;5;5;5;5;5;5;6;6;6;6;6;6;6;6;6;6;6;6;6;6;6;6;6;6;7;7;7;7;8;8;10;10;11;11;12;12;12;12;12;13;16;16;16;16;16;16;17;17;17;17;17;17;17;17;17;18;18;19;24;25;27;27;27;31;32;32;32;31;31;31;31;32;32;32;32;32;34;33;33;33;35;35;35;35;35;37;37;37;38;38;39;39;40;40;40;42;45;45;45;45;45;47;47;47;47;48;48;48;48;48;48;50;50;52;53;55;57;57;60;61;62;62;65;67;67;70;71;72;75;78;82;83;83;83;83;84;85;88;89;90;91
5;Guanacaste;506;Cañas;0;0;0;0;0;0;0;0;0;0;0;0;0;0;0;0;0;0;0;0;0;0;0;0;0;0;0;0;0;0;0;0;0;0;0;0;0;0;0;0;0;0;0;0;0;0;0;0;0;0;0;0;0;0;1;2;3;4;4;7;8;8;8;10;11;13;16;16;17;19;19;20;20;20;20;21;21;21;23;23;24;25;25;27;27;27;27;27;27;27;27;27;27;27;28;29;32;32;32;32;32;31;31;31;31;31;31;32;33;33;36;39;40;43;43;44;46;58;64;74;78;83;83;84;84;86;86;87;87;87;87;85;85;86;86;88;90;91;91;91;97;101;103;104;105;105;105;105;107;107;107;108;108;109;111;113;114;114;114;114;117;118;118;118;121;123;123;124;127;127;128;131;133;134;136;138;139;146;149;152;154;155;158;158;162;165;165;174;176;184;185
5;Guanacaste;505;Carrillo;0;0;0;0;0;0;0;0;0;0;0;0;1;1;2;2;2;2;2;2;2;2;2;2;2;2;2;2;2;2;2;2;2;2;2;2;2;2;2;2;2;2;2;2;2;2;2;2;2;2;2;2;2;2;2;2;2;2;2;2;2;2;2;2;2;2;2;2;2;2;2;2;2;2;2;2;2;2;2;2;2;2;3;3;3;3;3;3;3;4;4;4;4;5;5;5;5;5;5;5;5;6;6;6;6;6;6;6;6;7;11;12;12;10;10;10;11;15;16;18;18;14;14;15;15;21;22;22;23;22;24;22;23;26;25;25;27;27;28;28;30;30;29;29;29;30;30;31;32;32;32;32;32;32;32;33;34;34;33;34;37;39;41;42;46;47;48;48;48;48;47;51;52;53;53;54;58;59;64;69;72;75;75;75;78;79;81;86;93;93;95
5;Guanacaste;511;Hojancha;0;0;0;0;0;0;0;0;0;0;0;0;0;0;0;0;0;0;0;1;1;1;1;1;1;1;1;1;1;1;1;1;1;1;1;1;1;1;1;1;1;1;1;1;1;1;1;1;1;1;1;1;1;1;1;1;1;1;1;1;1;1;1;1;1;1;1;1;1;1;1;1;1;1;1;1;1;1;1;1;1;1;1;1;1;1;1;1;1;1;2;7;8;8;12;13;15;16;16;16;16;16;16;17;17;17;17;17;17;17;17;17;18;18;18;18;18;20;20;20;20;21;22;22;22;22;22;22;22;23;22;22;22;22;22;22;22;22;22;22;23;23;23;24;24;23;23;23;24;27;27;27;27;27;27;28;27;27;27;27;27;27;28;28;28;30;31;31;31;31;33;33;33;35;37;37;36;36;37;38;38;38;39;40;40;40;40;42;42;45;45
5;Guanacaste;510;La Cruz;0;0;0;0;0;0;0;0;0;0;0;0;0;0;0;0;0;0;0;0;0;0;0;0;0;0;0;0;0;0;0;0;0;0;0;0;0;0;0;0;0;0;0;0;0;0;0;0;0;0;1;1;1;1;1;1;7;1;1;1;1;1;1;1;1;1;1;1;2;2;2;6;6;6;6;6;6;6;6;6;6;6;7;7;7;7;7;7;7;7;7;8;8;8;8;9;9;15;15;29;29;29;31;31;32;33;34;35;36;36;43;43;47;48;48;48;48;48;49;49;49;49;50;51;50;54;54;52;52;52;53;59;59;63;69;69;70;70;70;71;86;86;86;85;85;85;85;86;88;88;88;88;88;92;94;94;98;99;103;103;109;111;114;115;116;116;116;119;126;126;129;130;132;133;134;136;137;139;139;140;143;145;146;146;147;151;152;153;161;162;163
5;Guanacaste;501;Liberia;0;0;0;0;0;0;0;0;0;1;1;1;1;1;1;1;1;1;1;1;1;1;1;1;1;1;1;1;1;1;1;1;1;1;1;1;1;1;1;1;1;1;1;1;2;2;3;3;3;3;3;3;3;3;3;4;4;4;4;4;4;4;4;4;4;4;4;4;4;4;7;7;8;10;12;12;12;12;14;13;16;16;15;15;16;16;16;17;18;18;18;18;18;19;21;22;27;27;29;30;31;37;39;41;44;48;49;54;57;59;64;67;68;71;73;76;76;82;82;86;87;88;89;89;91;91;96;100;102;102;103;103;103;103;104;103;103;103;108;108;110;112;115;115;112;119;119;121;124;129;131;134;137;139;137;138;139;140;143;146;147;150;149;152;157;158;162;168;175;180;186;192;197;210;219;230;232;239;249;259;281;291;301;309;312;321;335;350;362;366;376
5;Guanacaste;509;Nandayure;0;0;0;0;0;0;0;0;0;0;0;0;0;0;0;0;0;0;0;0;0;0;0;0;0;0;0;0;0;0;0;0;0;0;0;0;0;0;0;0;0;0;0;0;0;0;0;0;0;0;0;0;0;0;0;0;0;0;0;0;0;0;0;0;0;0;0;0;0;0;0;0;0;0;0;0;0;0;0;0;0;0;0;0;0;0;0;0;0;0;0;1;1;1;1;1;1;1;1;1;1;1;1;1;1;1;1;1;1;1;1;1;1;1;1;1;1;1;1;1;1;1;1;1;1;1;1;1;1;1;1;2;2;2;2;2;2;2;3;3;4;5;5;4;4;4;4;4;4;5;5;5;5;5;7;7;7;7;7;8;8;9;9;9;8;8;9;9;9;9;9;9;10;10;10;10;10;10;10;12;13;14;15;15;17;17;19;20;20;21;21
5;Guanacaste;502;Nicoya;1;1;1;1;1;2;3;3;3;3;3;3;3;3;3;3;3;3;4;4;4;4;4;4;4;4;4;4;4;4;4;4;4;4;4;4;4;4;4;4;4;4;4;4;4;4;4;4;4;4;4;4;4;4;4;4;4;4;4;4;4;4;4;4;4;4;4;4;4;4;4;4;4;4;4;4;4;4;4;4;8;8;8;8;8;8;8;11;14;14;18;20;23;23;26;30;38;40;44;44;45;47;51;61;61;65;67;67;67;67;68;69;73;74;74;77;77;83;83;85;86;97;99;99;99;99;101;101;101;104;104;104;105;105;105;106;106;107;108;108;110;110;110;112;112;113;114;114;115;118;118;120;121;121;123;126;126;127;128;128;130;135;136;138;138;143;146;150;152;153;156;163;172;181;183;188;193;199;219;235;248;254;261;274;284;297;316;332;350;362;366
5;Guanacaste;503;Santa Cruz;2;2;2;2;2;2;2;2;2;2;2;2;2;2;2;3;3;3;3;3;3;3;3;3;3;3;3;3;3;3;3;3;3;3;3;3;3;3;3;3;3;3;3;3;3;3;3;3;3;3;3;3;3;3;3;4;4;4;4;4;4;4;4;4;4;4;4;4;4;4;4;4;4;4;4;4;4;4;4;4;4;4;6;7;7;7;7;7;7;7;7;7;7;7;7;8;8;9;9;10;11;14;15;15;15;19;19;19;20;20;22;23;23;23;24;26;26;30;33;34;35;37;37;36;36;37;36;36;36;38;39;39;40;45;46;49;49;50;55;57;57;58;58;58;58;61;61;62;62;62;62;63;63;71;72;74;76;76;85;85;91;95;98;99;102;102;103;105;107;109;115;117;118;120;123;125;129;131;133;141;151;162;166;169;171;172;184;190;204;213;220
5;Guanacaste;508;Tilarán;0;0;0;0;0;0;0;0;0;0;0;1;1;1;1;1;1;1;2;2;2;2;2;2;2;2;2;2;2;2;2;2;2;2;2;2;2;2;2;2;2;2;2;2;2;2;2;2;2;2;2;2;2;2;2;2;2;2;2;2;2;2;2;2;2;2;2;2;2;2;2;2;2;3;3;3;3;6;6;6;6;6;6;6;6;6;6;6;6;6;6;6;7;7;7;7;6;6;6;6;6;6;6;6;6;6;6;6;6;6;6;6;6;7;7;7;7;8;8;8;8;8;8;8;8;8;8;8;8;8;8;9;9;9;9;9;9;9;9;9;11;11;11;11;11;11;11;11;11;11;11;12;13;13;14;15;18;19;19;20;20;25;25;25;32;34;35;38;38;38;39;39;40;40;40;40;41;41;43;45;47;49;51;51;51;51;52;53;55;55;56
6;Puntarenas;603;Buenos Aires;0;0;0;0;0;0;0;0;0;0;0;0;0;0;0;0;0;0;0;0;0;0;0;0;0;0;0;0;0;0;0;0;0;0;0;0;0;0;0;0;0;0;0;0;0;0;0;0;0;0;0;0;0;0;0;0;0;0;0;0;0;0;0;0;0;0;0;0;0;0;0;0;0;0;0;0;0;0;0;0;0;0;0;0;0;0;0;0;0;0;0;0;0;0;0;0;0;0;0;0;0;0;1;1;1;1;2;2;2;2;2;2;2;2;2;2;3;3;3;3;3;4;4;4;5;5;6;6;6;6;6;6;6;6;7;7;7;8;9;9;11;11;9;8;8;8;8;8;8;9;9;10;10;10;11;12;12;12;13;13;15;15;19;19;19;20;22;22;23;23;24;24;24;24;26;27;30;33;36;36;39;39;39;48;49;50;51;68;70;78;84
6;Puntarenas;610;Corredores;0;0;0;0;0;0;0;0;0;0;0;0;0;0;0;0;0;0;0;0;0;0;0;0;0;0;0;0;0;0;0;0;0;0;0;0;0;0;0;0;0;0;0;0;0;0;0;0;0;0;0;0;0;0;0;1;1;0;0;0;0;0;0;0;0;0;0;0;0;0;0;0;1;1;1;1;1;1;1;1;1;1;1;1;1;1;1;1;1;1;1;1;1;1;1;2;5;8;7;9;10;19;24;26;27;30;38;38;41;45;47;54;62;62;74;79;94;96;109;115;130;136;156;164;171;175;190;203;205;226;228;249;293;331;338;349;356;366;375;376;380;383;405;408;426;430;452;454;457;476;500;519;527;528;533;550;554;560;575;575;593;593;597;608;608;627;628;640;648;650;663;663;706;710;717;729;734;741;749;764;769;775;776;790;792;800;806;813;819;831;843
6;Puntarenas;608;Coto Brus;0;0;0;0;0;0;0;1;2;2;2;2;2;2;2;2;2;2;2;2;2;2;2;2;2;2;2;2;2;2;2;2;2;2;2;2;2;2;2;2;2;2;2;2;2;2;2;2;2;2;2;2;2;2;2;2;2;2;2;2;2;2;2;2;2;2;2;2;2;2;2;2;2;2;2;2;2;2;2;2;2;2;2;2;2;2;2;2;2;2;2;2;2;2;2;2;2;2;2;2;2;2;3;3;3;3;3;3;3;3;3;3;3;3;3;3;4;4;4;4;4;4;4;4;4;5;5;5;5;5;5;5;6;7;7;7;8;8;8;8;8;8;9;9;9;9;9;9;10;12;13;15;15;15;17;19;19;19;21;21;21;23;24;24;24;25;25;25;27;27;27;30;31;32;35;35;39;40;46;50;56;61;62;65;67;72;72;75;78;78;82
6;Puntarenas;602;Esparza;0;0;0;0;0;0;0;0;0;0;0;0;0;0;0;0;0;1;2;2;2;2;2;2;2;2;2;2;2;2;2;2;2;2;2;2;2;2;2;2;2;2;2;2;2;2;2;2;2;2;2;2;2;2;2;2;2;2;2;2;2;2;2;2;2;2;2;2;2;2;2;2;2;2;2;2;2;2;2;2;2;2;2;2;2;2;2;2;2;3;3;5;5;6;6;6;6;6;6;7;8;7;7;7;8;8;8;9;9;9;9;9;9;9;9;9;9;11;13;15;15;15;18;18;18;18;22;22;22;23;23;23;24;26;27;26;30;31;31;31;41;43;44;45;48;52;56;56;60;62;66;65;66;68;68;70;70;73;75;78;80;78;80;84;86;88;95;94;95;99;103;106;111;114;115;123;131;134;144;152;162;169;174;180;186;193;209;215;234;252;258
6;Puntarenas;611;Garabito;0;0;0;0;0;0;0;0;0;0;2;2;3;3;3;5;5;7;7;7;7;7;7;7;7;7;7;9;9;12;13;14;20;21;21;21;21;21;22;22;22;22;22;22;22;22;22;22;22;22;22;22;22;22;22;22;22;22;22;22;22;22;22;22;22;22;22;22;22;22;22;22;22;22;22;22;22;22;22;22;22;23;23;23;23;23;23;23;23;26;26;26;27;27;27;27;27;27;27;27;27;27;27;27;27;27;27;27;27;27;29;30;31;31;31;31;31;31;31;31;31;31;32;31;31;32;34;34;34;34;36;37;37;38;39;39;39;39;42;43;46;46;45;47;46;48;49;49;51;51;51;51;51;52;50;50;52;53;53;54;56;60;64;65;69;76;84;91;97;111;117;120;135;140;146;148;154;155;164;174;186;192;195;203;207;212;221;223;229;248;248
6;Puntarenas;607;Golfito;0;0;0;0;0;0;0;0;0;0;0;0;0;0;0;0;0;0;0;0;0;0;0;0;0;0;0;0;0;0;0;0;0;0;0;0;0;0;0;0;0;0;0;0;0;0;0;1;1;1;1;1;1;1;1;1;1;1;1;1;1;1;1;2;2;2;2;2;2;2;2;2;2;2;2;2;2;2;2;2;2;2;2;2;2;2;2;2;2;2;2;2;2;2;2;2;2;2;2;2;2;2;3;3;5;5;6;6;7;8;8;15;35;35;35;35;36;36;36;36;37;37;39;42;42;43;43;44;44;46;45;46;48;49;50;53;54;57;59;67;72;74;75;78;78;78;82;84;85;87;92;94;95;95;97;97;101;101;104;104;114;120;124;136;136;137;144;147;153;155;157;158;159;166;172;188;193;204;208;227;231;238;242;244;245;256;258;261;266;272;273
6;Puntarenas;604;Montes de Oro;0;0;0;0;0;0;0;0;0;1;1;1;2;2;2;2;2;2;2;2;2;2;2;2;2;2;2;2;2;2;2;2;2;2;2;2;2;2;2;2;2;2;2;2;2;2;2;2;2;2;2;2;2;2;2;2;2;2;2;2;2;2;2;2;2;2;2;2;2;2;2;2;2;2;2;3;3;3;3;3;2;2;2;2;2;2;2;2;2;2;2;2;2;2;2;2;2;2;2;2;2;2;2;2;2;2;2;2;2;2;3;3;2;2;2;2;2;2;3;3;3;3;3;5;5;5;5;5;6;6;6;7;7;7;8;10;10;11;13;13;14;16;16;16;19;20;22;22;24;24;24;29;31;32;32;32;30;30;30;32;33;33;35;37;41;42;44;46;50;56;62;67;70;73;75;78;85;85;92;101;105;109;117;125;132;135;139;143;148;154;157
6;Puntarenas;605;Osa;0;0;0;0;0;0;0;0;0;0;0;0;0;0;1;1;1;1;1;1;1;1;1;1;1;1;1;2;2;2;2;2;3;3;3;5;5;5;5;5;5;5;5;5;5;5;5;5;5;5;5;5;5;6;6;6;6;6;6;6;6;6;6;6;6;6;6;6;6;6;6;6;6;6;6;6;6;6;6;6;6;6;6;6;6;6;6;6;6;6;6;6;6;6;6;6;6;6;6;6;6;7;7;7;8;8;8;8;8;8;8;9;9;9;10;11;11;11;11;11;13;13;13;13;12;12;12;13;13;13;14;16;19;19;24;24;31;31;32;33;33;36;36;36;37;43;43;43;44;48;47;47;47;47;50;51;53;54;55;62;63;64;72;79;79;79;91;92;102;139;142;145;146;154;157;157;174;176;176;181;185;188;191;191;192;199;199;207;208;211;211
6;Puntarenas;609;Parrita;0;0;0;0;0;0;0;0;0;0;0;0;0;0;0;0;0;0;0;0;0;0;0;0;0;0;0;0;0;0;0;0;0;0;0;0;0;0;0;0;0;0;0;0;0;0;0;0;0;0;0;0;0;0;0;0;0;0;0;0;0;0;0;0;0;0;0;0;0;0;0;0;0;0;0;0;0;0;0;0;0;0;0;0;0;0;0;0;0;0;0;0;0;0;0;0;0;0;0;0;1;1;1;1;1;1;1;1;1;1;1;1;1;1;1;1;1;1;1;1;1;1;2;5;4;4;3;5;6;5;5;8;8;8;8;9;10;10;11;11;16;18;20;21;25;25;29;29;29;29;32;33;35;35;35;35;36;37;38;39;40;39;40;43;46;45;45;46;49;53;53;53;58;59;60;63;67;69;73;74;75;76;77;78;81;82;87;89;97;98;98
6;Puntarenas;601;Puntarenas;0;0;0;0;0;0;0;0;0;0;1;3;2;2;2;3;3;3;4;4;4;4;4;4;4;4;4;4;4;4;4;4;4;4;4;4;5;5;5;5;5;5;5;5;5;5;5;5;5;6;6;6;6;6;6;6;6;6;6;6;6;6;6;6;6;6;6;6;6;6;6;7;7;7;7;8;9;9;13;13;18;21;22;22;23;27;31;34;34;35;40;40;42;42;45;47;49;49;50;50;54;59;61;65;68;75;76;77;80;83;91;96;103;104;108;110;112;114;116;120;121;122;124;129;131;133;136;147;148;148;153;156;163;166;170;168;168;169;175;174;183;193;194;197;208;219;226;227;236;242;247;253;259;266;267;276;271;274;287;290;300;307;313;324;341;358;370;383;391;401;414;438;464;479;485;493;518;526;561;592;633;665;701;736;758;770;823;894;932;988;1016
6;Puntarenas;606;Quepos;0;0;0;0;0;0;0;0;0;0;0;0;0;0;0;0;0;0;0;0;0;0;0;0;0;0;0;0;0;0;0;0;0;0;0;0;0;0;0;0;0;0;0;0;0;0;0;0;0;0;0;0;0;0;0;0;1;1;1;1;1;1;1;1;1;1;2;2;2;2;2;3;3;3;4;4;4;4;4;4;4;4;4;4;4;4;4;4;4;4;4;4;4;5;5;5;6;6;6;6;6;6;7;7;7;7;6;6;6;6;6;6;7;7;7;8;9;11;12;12;13;13;13;16;16;18;19;18;19;19;19;20;21;21;21;21;21;22;23;24;24;24;24;23;27;28;28;31;31;33;35;37;38;42;47;49;50;51;53;55;58;59;66;66;66;80;86;88;94;96;102;104;112;118;122;139;146;149;153;155;160;163;173;175;180;184;188;195;207;218;221
7;Limón;706;Guácimo;0;0;0;0;0;0;0;0;0;0;0;0;0;0;0;0;0;0;0;0;0;0;0;0;0;0;0;0;0;0;0;0;0;0;0;0;0;0;0;0;0;0;0;0;0;0;0;0;0;0;0;0;0;0;0;0;0;0;0;0;1;1;1;1;1;1;1;1;1;1;1;1;1;1;1;1;1;1;1;1;2;1;2;1;3;3;1;2;3;3;3;3;3;3;3;3;3;3;3;3;3;4;5;5;5;6;6;7;7;7;11;12;13;17;18;18;20;21;21;21;21;21;23;23;23;24;26;26;26;28;31;33;35;39;39;42;44;47;51;52;55;61;65;65;67;75;77;78;82;85;88;95;102;104;104;108;111;116;121;127;135;142;148;154;164;179;187;198;207;209;215;226;234;239;247;249;260;271;275;276;284;287;288;291;294;306;315;319;327;328;338
7;Limón;701;Limón;0;0;0;0;1;1;1;1;1;1;1;1;1;1;1;1;1;1;1;1;1;1;1;1;1;1;1;1;1;1;1;1;1;1;1;1;2;2;2;2;2;2;2;2;2;2;2;2;2;2;2;2;2;2;2;2;2;2;3;3;3;3;3;3;3;3;3;3;3;3;3;3;3;3;3;3;3;3;3;3;3;3;3;3;3;3;4;4;7;7;7;11;14;15;16;17;23;25;26;26;31;31;31;32;32;32;32;34;34;38;38;38;42;42;42;43;45;47;48;47;47;47;48;52;54;54;55;55;59;63;86;90;99;102;104;109;116;117;129;134;137;147;147;152;161;172;178;184;198;210;220;228;233;240;245;247;252;257;259;271;281;287;308;321;334;355;364;401;415;442;466;496;505;528;563;615;656;691;729;770;795;862;885;908;957;1033;1067;1134;1174;1182;1233
7;Limón;705;Matina;0;0;0;0;0;0;0;0;0;0;0;0;0;0;0;0;0;0;0;0;0;0;0;0;0;0;0;0;0;0;0;0;0;0;0;0;0;0;0;0;0;0;0;0;0;0;0;0;0;0;0;0;0;0;0;0;0;0;0;0;0;0;0;0;0;0;0;0;0;0;0;0;0;0;0;0;0;0;0;0;0;0;0;0;0;0;0;0;0;0;0;1;1;3;3;3;3;3;3;3;3;4;3;3;3;3;3;4;5;7;7;7;7;7;7;8;8;8;9;9;9;9;9;10;9;9;9;10;10;10;10;10;11;12;12;12;13;13;14;14;15;15;14;15;16;17;18;18;20;20;20;20;20;20;20;24;25;25;25;25;26;26;27;27;28;32;39;42;43;44;50;52;55;57;65;71;81;91;101;110;110;122;132;134;152;165;175;189;204;204;218
7;Limón;702;Pococí;0;0;0;0;0;0;0;0;0;0;0;0;0;0;0;0;0;0;0;0;0;0;0;0;0;0;0;1;3;4;4;4;4;4;4;4;4;4;5;5;5;5;5;5;5;7;7;8;8;8;8;8;8;8;8;8;8;8;8;8;8;8;8;9;9;9;9;9;9;9;9;9;9;9;9;9;13;14;15;15;27;31;35;37;44;44;54;54;55;55;56;60;60;60;62;65;70;70;74;74;74;74;75;75;76;77;77;79;88;88;91;94;97;98;99;105;105;110;111;113;113;118;117;121;122;122;123;136;139;142;144;150;156;174;181;196;203;214;222;225;228;238;241;249;259;273;285;295;303;305;308;319;328;341;347;354;359;364;376;395;407;413;413;418;427;445;464;472;492;497;503;523;539;559;568;591;596;612;630;649;666;687;694;704;726;755;777;816;853;857;877
7;Limón;703;Siquirres;0;0;0;0;0;0;0;0;0;0;0;0;0;0;0;0;0;0;0;0;0;0;0;0;0;1;1;1;1;1;1;1;1;1;1;1;1;1;1;1;1;1;1;1;1;1;1;1;1;1;1;1;1;1;1;1;1;1;1;1;1;1;1;2;2;2;2;2;2;2;2;2;2;2;2;2;2;2;2;2;2;2;2;2;2;2;2;2;2;2;2;2;2;2;2;2;2;2;2;2;2;2;4;4;7;7;7;7;7;7;7;7;7;9;10;12;12;12;12;13;14;14;14;16;15;15;15;15;17;18;18;20;22;23;24;26;27;27;27;29;30;30;34;34;34;38;39;39;42;43;43;45;46;56;57;57;57;58;63;65;69;69;78;81;88;96;105;111;117;122;146;149;172;182;204;227;273;302;313;339;359;406;419;447;475;502;527;560;582;594;610
7;Limón;704;Talamanca;0;0;0;0;0;0;0;0;0;0;0;0;0;0;0;0;0;0;0;0;0;0;0;0;0;0;0;0;0;0;0;0;0;0;0;0;0;0;0;0;0;0;0;0;0;0;0;0;0;0;0;0;0;1;1;1;1;1;1;1;1;1;1;1;1;1;1;1;1;1;1;1;1;1;1;1;1;1;1;1;1;1;1;1;1;1;1;1;1;1;1;1;1;1;1;1;1;1;1;2;2;1;1;1;2;2;2;2;2;3;3;3;14;14;14;14;16;17;18;17;19;19;19;20;21;22;22;22;22;23;23;25;27;27;27;26;27;27;27;27;29;30;30;32;33;37;39;40;40;40;42;42;43;46;46;46;47;49;49;61;62;62;67;69;72;82;82;86;86;86;99;99;111;117;124;136;141;148;164;172;203;204;216;227;249;263;283;299;316;319;332
9;Otros;999;Otros;0;0;0;1;1;7;0;0;0;0;0;0;0;3;0;0;0;0;0;0;0;0;0;0;0;0;0;0;0;0;0;0;0;0;0;0;0;0;0;0;0;0;0;0;0;0;0;0;0;0;0;0;0;0;0;0;0;7;7;7;7;7;7;7;7;8;12;12;12;12;12;12;12;12;12;12;12;12;12;12;12;12;12;12;12;12;12;12;12;14;14;13;13;14;14;14;14;15;14;14;16;21;22;0;32;44;49;52;65;76;84;114;108;125;117;150;164;151;177;175;183;239;260;279;273;268;286;315;325;329;335;329;368;380;395;402;409;411;402;403;408;420;428;433;432;445;455;467;455;466;463;470;483;495;498;507;515;532;534;552;525;375;371;382;380;391;407;400;423;425;432;445;449;451;473;463;473;483;461;475;475;488;499;517;518;520;513;512;528;513;515
HTTP/1.1 400 Bad Request
Content-Length: 0
Connection: close
Server: Jetty(7.6.8.v20121106)

