cod_provin,provincia,cod_canton,canton,21/04/2020,22/04/2020,23/04/2020,24/04/2020,25/04/2020,26/04/2020,27/04/2020,28/04/2020,29/04/2020,30/04/2020,01/05/2020,02/05/2020,03/05/2020,04/05/2020,05/05/2020,06/05/2020,07/05/2020,08/05/2020,09/05/2020,10/05/2020,11/05/2020,12/05/2020,13/05/2020,14/05/2020,15/05/2020,16/05/2020,17/05/2020,18/05/2020,19/05/2020,20/05/2020,21/05/2020,22/05/2020,23/05/2020,24/05/2020,25/05/2020,26/05/2020,27/05/2020,28/05/2020,29/05/2020,30/05/2020,31/05/2020,01/06/2020,02/06/2020,03/06/2020,04/06/2020,05/06/2020,06/06/2020,07/06/2020,08/06/2020,09/06/2020,10/06/2020,11/06/2020,12/06/2020,13/06/2020,14/06/2020,15/06/2020,16/06/2020,17/06/2020,18/06/2020,19/06/2020,20/06/2020,21/06/2020,22/06/2020,23/06/2020,24/06/2020,25/06/2020,26/06/2020,27/06/2020,28/06/2020,29/06/2020,30/06/2020,01/07/2020,02/07/2020,03/07/2020,04/07/2020,05/07/2020,06/07/2020,07/07/2020,08/07/2020,09/07/2020,10/07/2020,11/07/2020,12/07/2020,13/07/2020,14/07/2020,15/07/2020,16/07/2020,17/07/2020,18/07/2020,19/07/2020,20/07/2020,21/07/2020,22/07/2020,23/07/2020,24/07/2020,25/07/2020,26/07/2020,27/07/2020,28/07/2020,29/07/2020,30/07/2020,31/07/2020,01/08/2020,02/08/2020,03/08/2020,04/08/2020,05/08/2020,06/08/2020,07/08/2020,08/08/2020,09/08/2020,10/08/2020,11/08/2020,12/08/2020,13/08/2020,14/08/2020,15/08/2020,16/08/2020,17/08/2020,18/08/2020,19/08/2020,20/08/2020,21/08/2020,22/08/2020,23/08/2020,24/08/2020,25/08/2020,26/08/2020,27/08/2020,28/08/2020,29/08/2020,30/08/2020,31/08/2020,01/09/2020,02/09/2020,03/09/2020,04/09/2020,05/09/2020,06/09/2020,07/09/2020,08/09/2020,09/09/2020,10/09/2020,11/09/2020
1,San José,112,Acosta,0,0,0,0,0,0,0,0,0,0,0,0,0,0,0,0,0,0,0,0,0,0,0,0,0,0,0,0,0,0,0,0,0,0,0,0,0,0,0,0,0,0,0,0,0,0,0,0,0,0,0,0,0,0,0,0,0,1,1,1,1,2,2,2,2,2,2,2,2,2,2,3,3,5,6,8,8,8,18,21,21,24,24,26,26,26,26,26,28,29,31,26,22,28,28,32,32,29,30,29,34,34,30,35,38,31,30,33,33,42,41,48,58,58,68,75,83,90,95,99,112,117,122,128,133,104,107,111,116,123,128,128,138,144,153,136,139,148,153,148,155,160,162,167
1,San José,110,Alajuelita,12,11,11,11,11,11,9,9,9,9,8,8,8,7,7,6,6,6,4,4,4,4,4,4,3,2,1,1,1,1,1,1,2,2,2,2,2,2,3,3,4,4,3,3,3,3,6,5,9,9,12,14,16,19,18,19,33,40,37,49,50,56,65,72,78,97,102,107,112,117,145,163,184,177,191,208,217,222,249,288,304,347,371,398,410,437,472,514,570,626,645,646,687,765,801,884,908,941,978,1006,1036,1049,1059,1100,1107,766,807,848,902,947,975,1007,1025,1071,1115,1159,1194,1224,1287,1348,1396,1435,1477,1549,1577,1620,1640,1671,1697,1750,1786,1831,1882,1908,1956,1988,2043,2062,2147,2180,2202,2269,2289,2363
1,San José,106,Aserrí,11,10,10,10,11,10,10,10,10,10,10,10,9,9,9,8,7,8,8,8,14,14,14,13,12,13,11,11,11,11,11,11,10,10,10,10,11,11,13,13,13,13,13,13,13,13,17,17,17,17,17,17,18,18,18,18,18,3,3,3,4,4,4,5,5,6,6,9,11,12,13,17,25,27,30,36,52,52,53,57,61,64,65,67,64,68,66,73,75,85,85,86,81,101,104,119,119,132,143,146,149,167,170,180,192,168,169,174,193,178,187,197,212,224,241,249,255,266,271,264,272,282,305,312,329,331,349,369,382,399,227,234,242,249,269,286,298,312,329,339,358,375,391,412
1,San José,118,Curridabat,19,19,17,17,16,15,13,12,12,11,11,11,11,11,11,9,10,8,7,7,7,7,7,8,8,8,8,7,7,7,7,7,7,6,6,6,6,5,3,3,3,3,3,3,3,3,4,4,4,5,5,6,6,6,6,6,6,5,6,7,8,8,8,9,9,12,14,16,15,22,25,28,36,40,44,61,68,71,75,100,106,109,114,113,135,128,129,140,168,176,183,192,210,231,241,256,264,270,273,291,311,322,329,354,356,362,378,387,416,428,444,468,495,513,547,562,530,546,495,512,539,550,584,617,631,513,525,541,490,536,544,557,576,605,621,503,529,562,571,570,598,634,586,597
1,San José,103,Desamparados,45,42,43,41,37,34,33,29,28,28,28,27,27,27,27,28,27,27,27,24,23,23,23,22,23,21,19,19,19,19,18,18,18,15,14,14,14,14,14,14,12,11,8,14,15,15,13,13,11,11,13,14,15,15,14,14,15,15,19,29,36,44,47,54,72,85,91,105,110,134,144,189,200,221,238,250,264,289,316,375,402,402,427,455,468,493,558,606,661,684,692,706,729,801,841,916,924,974,1011,1043,1046,1050,1049,1085,1101,914,933,947,1046,1079,1117,1163,1210,1263,1366,1427,1478,1544,1621,1681,1733,1768,1870,1935,2017,2010,2051,2142,2151,2176,2155,2200,2298,2327,2430,2446,2523,2619,2717,2767,2817,2921,2991,3086
1,San José,117,Dota,0,0,0,0,0,0,0,0,0,0,0,0,0,0,0,0,0,0,0,0,0,0,0,0,0,0,0,0,0,0,0,0,0,0,0,0,0,0,0,0,0,0,0,0,0,0,0,0,0,0,0,0,0,0,0,0,0,0,0,0,0,0,0,0,0,0,0,0,0,0,0,0,0,0,0,0,0,0,0,0,0,0,0,0,0,0,0,0,0,0,0,0,0,0,0,0,0,0,0,0,0,0,0,0,0,0,0,0,0,0,0,0,0,1,2,2,2,5,5,5,5,5,6,6,5,5,5,5,5,2,2,2,2,2,2,2,2,2,1,2,2,2,2,2
1,San José,102,Escazú,16,18,18,18,18,16,16,15,15,14,13,13,13,13,13,13,13,13,13,12,11,9,9,9,9,8,7,4,4,3,2,2,2,1,1,1,1,1,1,1,1,1,1,1,1,2,1,1,1,1,2,2,4,12,12,12,13,13,13,15,16,16,18,20,24,24,29,30,30,33,33,31,35,50,56,58,69,71,71,84,88,93,96,111,117,148,139,156,172,185,196,199,217,243,253,273,294,305,324,332,339,354,358,376,379,376,392,400,412,429,430,433,451,458,480,507,513,530,532,543,549,570,593,619,642,379,381,394,393,411,431,445,447,455,479,399,433,436,401,400,415,448,463,479
1,San José,108,Goicoechea,16,15,16,16,17,16,15,16,16,16,16,14,14,16,17,20,19,17,15,15,14,14,14,14,15,15,16,16,16,16,16,17,16,17,17,17,17,18,17,15,15,14,15,15,15,15,17,19,18,20,21,22,23,22,23,25,26,20,23,24,19,19,22,22,17,21,24,23,27,36,38,51,61,70,72,79,92,106,112,137,141,143,149,163,159,183,198,217,237,245,254,252,277,316,330,354,359,386,419,424,433,450,462,488,492,359,371,383,416,386,420,441,461,481,529,505,524,548,565,591,621,641,675,712,740,755,769,794,740,786,745,778,799,831,863,862,888,921,936,838,867,889,942,972
1,San José,120,León Cortés Castro,0,0,0,0,0,0,0,0,0,0,0,0,0,0,0,0,0,0,0,0,0,0,0,0,0,0,0,0,0,0,0,0,0,0,0,0,0,0,0,0,0,0,0,0,0,0,0,0,0,0,0,0,0,0,0,0,0,0,0,0,0,0,0,0,0,0,0,0,0,0,0,0,0,0,0,0,0,0,0,0,1,1,1,1,1,1,1,1,1,1,1,1,1,1,1,1,1,1,1,1,2,2,4,5,5,5,5,5,5,5,5,5,5,5,5,5,5,8,8,8,8,8,9,9,10,7,6,3,5,5,6,7,7,7,7,7,8,11,10,12,15,18,19,17
1,San José,115,Montes de Oca,14,14,13,12,12,12,11,10,9,7,7,5,6,6,5,3,1,1,1,1,1,1,1,1,1,1,1,1,1,2,2,2,2,2,2,2,2,2,2,3,3,3,3,3,3,3,3,3,3,3,3,4,4,3,3,3,3,1,1,1,1,1,1,1,2,3,4,4,7,9,11,16,25,28,28,32,34,34,37,43,46,46,49,50,54,49,53,58,66,73,73,76,93,99,106,123,109,124,129,131,132,136,143,150,149,147,156,165,173,165,136,145,147,148,169,177,185,191,208,219,225,226,233,243,260,219,215,222,220,226,230,236,243,246,248,248,253,270,279,284,295,315,327,340
1,San José,107,Mora,4,4,4,5,6,7,7,5,5,5,5,5,5,5,5,5,5,5,4,3,3,3,3,3,3,1,1,1,1,2,2,2,2,2,2,2,2,2,2,2,2,2,2,2,2,2,2,2,4,5,5,5,6,6,5,5,5,5,5,6,6,6,6,6,6,8,8,3,3,4,5,5,7,13,13,15,14,17,20,26,29,30,30,30,30,37,39,39,40,41,38,35,37,33,38,31,31,33,30,29,31,28,28,32,29,27,31,32,35,37,36,42,43,43,56,64,67,70,76,78,76,71,75,77,86,87,101,109,113,123,134,139,149,151,164,126,137,142,142,141,154,158,143,156
1,San José,114,Moravia,6,4,4,3,3,3,3,3,3,3,3,3,3,3,3,3,3,2,2,2,2,2,2,2,2,2,2,1,1,1,1,2,2,3,4,3,4,6,6,6,5,5,3,3,3,3,3,3,2,2,2,2,3,3,3,3,3,1,2,3,4,5,4,4,4,4,4,6,11,12,15,22,22,25,26,29,32,34,40,47,49,46,52,59,55,60,62,68,71,77,85,78,80,91,101,117,117,125,128,130,127,137,138,146,144,137,130,136,134,134,129,132,130,133,140,149,139,152,135,136,136,135,142,143,150,133,133,131,128,146,155,161,171,172,176,179,191,193,194,200,186,184,192,202
1,San José,119,Pérez Zeledón,0,0,0,0,0,0,0,0,0,0,0,0,0,0,0,0,0,1,1,1,1,1,1,1,1,1,1,1,1,1,1,1,1,2,2,2,2,2,2,2,2,2,2,2,2,2,2,2,3,3,3,3,3,3,3,1,1,1,0,0,0,0,0,0,0,0,0,2,2,3,3,3,3,5,5,6,6,6,8,9,11,11,11,10,10,11,11,11,13,13,13,13,15,15,15,14,14,16,19,20,21,23,22,24,25,28,29,30,32,33,35,36,42,41,44,43,45,49,52,56,54,53,53,55,55,55,56,58,59,61,64,65,79,81,85,84,95,102,106,108,111,112,118,121
1,San José,104,Puriscal,1,1,1,1,1,0,0,0,0,0,1,1,1,1,1,1,1,1,1,1,1,1,1,1,1,1,1,1,1,1,1,1,1,1,1,1,1,1,1,1,1,1,1,1,1,1,1,1,1,1,1,1,0,0,0,0,0,0,0,0,0,0,0,0,1,1,1,2,2,2,4,6,6,6,6,7,8,8,10,11,15,16,16,21,21,21,23,23,28,28,29,25,27,38,39,39,41,36,37,41,43,46,46,49,59,64,65,52,54,64,68,69,73,84,93,96,100,106,111,119,126,124,130,137,144,119,120,124,76,80,81,86,94,98,100,92,104,113,116,113,127,134,119,122
1,San José,101,San José,82,85,84,82,74,72,69,67,70,68,63,58,57,55,54,49,49,50,47,43,39,41,43,44,47,54,54,55,60,60,61,60,57,59,60,60,59,56,57,56,55,57,64,65,63,64,67,66,66,65,70,80,83,85,85,75,67,72,76,77,84,99,105,121,141,164,193,221,259,287,321,381,451,490,562,694,743,803,866,1054,1150,1236,1341,1464,1577,1716,1827,1891,2051,2195,2268,2337,2461,2627,2759,2996,3136,3310,3398,3501,3594,3742,3853,4020,4113,3542,3663,3845,3986,4057,4144,4253,4383,4487,4682,4800,4983,5193,5301,5390,5547,5677,5894,6088,6321,5245,5327,5513,5093,5335,5146,5138,5203,5327,5435,5102,5252,5454,5581,5300,5486,5667,5498,5666
1,San José,109,Santa Ana,23,22,21,21,19,19,18,19,20,20,18,18,15,15,10,10,10,10,8,8,8,8,8,8,9,8,7,6,6,6,6,6,6,6,6,6,6,6,6,5,5,5,5,5,5,5,6,6,5,5,5,6,5,4,5,5,5,4,4,6,9,10,10,10,11,12,15,19,20,20,23,25,34,38,42,46,55,60,64,66,82,84,88,96,102,108,113,126,141,149,160,161,170,176,194,210,219,227,239,243,259,264,274,317,322,310,319,285,295,303,309,326,321,319,325,325,331,337,339,343,354,380,401,415,438,357,366,379,395,409,432,434,439,448,466,480,497,521,542,545,576,601,610,627
1,San José,105,Tarrazú,4,4,4,3,3,3,3,3,3,3,3,3,3,3,3,3,3,3,3,3,3,3,3,3,3,3,2,2,2,2,2,2,1,1,1,1,1,1,1,1,1,1,1,1,1,1,1,1,1,1,1,1,1,1,1,1,1,1,1,1,0,0,0,0,0,0,0,0,0,0,0,0,0,0,0,0,0,0,0,0,0,0,0,0,0,0,0,0,0,0,0,0,0,0,0,0,0,1,1,1,1,1,1,4,4,4,4,4,4,4,4,4,4,4,4,4,4,5,5,6,6,6,8,8,7,6,3,4,4,4,4,4,4,4,4,2,3,4,5,5,5,5,6,6
1,San José,113,Tibás,16,16,15,13,11,11,11,11,11,10,9,8,9,9,9,9,8,8,8,8,8,8,8,6,6,7,6,6,6,7,7,7,9,7,6,6,6,4,4,4,3,3,3,3,3,1,1,1,1,1,0,1,2,2,2,3,4,8,8,10,10,11,11,13,14,14,13,19,20,22,24,29,32,37,47,55,64,78,82,94,109,113,119,144,155,164,180,180,187,211,230,244,263,280,297,326,350,357,369,382,410,418,434,452,466,390,409,425,450,471,482,499,516,527,560,589,599,624,642,655,689,702,735,765,795,695,706,730,668,686,671,685,698,718,750,760,789,818,839,851,879,899,928,970
1,San José,116,Turrubares,2,2,2,2,2,2,2,2,2,2,2,2,2,2,2,1,1,1,1,1,1,1,1,1,0,0,0,0,0,0,0,0,0,0,0,0,0,0,0,0,0,0,0,0,0,0,0,0,0,0,0,0,0,0,0,0,0,0,0,4,4,4,4,4,4,4,5,5,5,5,5,5,5,5,5,5,5,6,6,6,6,6,6,7,7,7,7,7,7,7,7,1,1,3,3,4,4,4,4,4,4,5,5,5,5,5,5,4,4,5,6,7,7,8,10,9,10,11,11,11,11,11,11,12,12,10,10,10,9,9,6,6,6,7,8,8,9,10,10,11,11,12,11,11
1,San José,111,Vázquez de Coronado,5,5,6,6,6,6,6,6,6,5,5,5,5,4,4,4,4,4,4,4,4,4,4,4,4,4,4,4,3,2,2,2,3,4,4,3,3,2,2,2,4,4,5,5,5,6,5,6,6,6,6,7,7,6,4,5,5,5,6,8,9,9,9,11,11,16,17,20,22,20,22,24,26,29,30,31,30,39,47,59,64,61,68,72,74,78,86,87,105,108,109,103,114,138,150,164,167,175,187,194,201,208,208,217,216,113,122,126,141,149,159,165,156,154,158,165,172,180,183,190,202,209,222,233,252,192,208,215,219,233,237,244,257,274,295,272,293,308,318,310,328,344,340,381
2,Alajuela,201,Alajuela,37,31,31,31,30,27,25,28,29,28,28,26,26,25,25,24,23,22,18,17,15,15,13,13,13,10,11,11,11,12,10,10,11,10,10,9,9,10,10,10,8,8,9,9,11,19,19,20,20,22,25,28,27,27,28,29,31,31,31,40,45,47,51,54,56,77,83,92,95,105,113,129,148,169,185,215,221,237,257,301,328,362,386,395,416,428,468,497,526,566,610,621,643,662,700,734,799,828,862,918,946,964,1003,1083,1127,1144,1183,1232,1266,1326,1354,1382,1409,1436,1497,1535,1588,1643,1680,1690,1737,1752,1799,1871,1921,1942,2026,2068,2134,2225,2329,2396,2430,2514,2539,2613,2703,2773,2820,2876,2956,2993,3045,3117
2,Alajuela,205,Atenas,2,3,4,4,4,4,4,4,4,4,4,4,4,4,3,3,3,2,2,2,2,1,1,1,1,1,1,1,2,2,2,2,2,2,2,3,3,3,3,3,3,3,3,3,3,3,3,3,3,3,2,2,2,2,2,2,0,0,0,3,3,3,3,3,3,3,4,5,6,6,6,6,6,7,7,7,7,7,9,11,12,15,16,18,19,18,20,24,24,26,29,29,32,34,37,38,41,42,43,34,34,33,33,38,38,33,35,39,41,43,43,43,53,53,58,62,64,64,64,65,57,51,47,53,56,57,57,57,50,52,60,60,62,63,66,69,74,78,79,83,83,89,90,93
2,Alajuela,203,Grecia,14,14,14,14,14,13,12,12,11,11,11,10,9,6,5,5,5,4,3,1,1,1,1,0,0,0,0,0,0,0,0,0,0,0,0,0,1,1,1,1,1,1,1,2,2,2,2,3,3,3,3,3,3,4,4,4,4,4,4,4,4,4,5,6,6,9,9,8,9,8,12,13,14,14,16,16,16,18,20,24,25,26,29,30,26,27,33,37,39,46,48,53,59,63,64,65,69,69,69,70,71,69,71,76,78,84,86,95,107,124,126,129,129,129,133,147,160,163,167,171,187,194,208,148,120,126,136,137,146,153,161,173,176,182,198,205,221,237,245,251,253,264,267,289
2,Alajuela,215,Guatuso,0,0,0,0,0,0,0,0,0,0,0,0,0,0,0,0,0,0,0,0,0,0,0,0,0,0,0,0,0,0,0,0,0,0,0,0,0,0,0,0,0,0,0,1,1,1,1,1,1,1,1,1,1,1,1,1,1,3,3,6,7,14,14,16,20,40,49,48,57,57,58,67,67,70,70,79,73,75,62,57,61,61,62,62,62,61,61,38,39,39,40,27,26,19,21,17,19,19,20,20,20,20,20,20,21,18,18,18,19,17,17,18,18,20,20,20,18,18,25,25,25,26,25,28,27,14,14,15,15,17,17,26,26,27,27,26,31,31,34,34,35,36,36,37
2,Alajuela,214,Los Chiles,0,0,0,0,0,0,0,0,0,0,0,0,0,0,0,0,0,0,0,0,0,0,0,0,0,0,0,0,0,0,0,1,1,1,1,1,3,4,9,12,12,13,13,13,13,13,13,13,13,13,13,13,13,13,14,14,15,37,46,46,47,47,47,47,58,64,67,68,68,69,82,89,65,66,64,66,65,62,62,60,59,59,69,69,54,54,56,51,49,49,49,49,40,36,37,37,40,45,45,43,35,40,40,47,47,29,36,36,38,33,38,40,40,35,30,27,28,28,28,31,30,21,22,22,23,23,25,29,27,28,28,29,28,29,31,38,39,41,44,48,56,62,58,60
2,Alajuela,206,Naranjo,4,4,4,1,1,1,1,1,1,1,1,1,1,1,1,2,2,3,5,5,5,5,5,5,5,5,5,4,5,5,5,6,6,6,6,5,5,6,5,5,5,5,5,5,5,5,5,5,5,3,3,3,4,4,4,4,4,2,2,1,1,1,1,1,0,0,1,3,3,3,5,7,7,12,12,12,12,14,16,16,19,21,22,23,29,30,35,26,40,41,42,45,50,52,53,55,65,73,74,75,78,71,77,82,85,69,69,84,90,95,97,108,112,116,105,112,121,130,133,137,143,142,153,165,164,168,186,207,214,226,182,184,186,203,207,222,238,240,240,245,262,269,280,292
2,Alajuela,209,Orotina,6,6,3,3,3,3,3,1,1,1,1,1,1,1,1,1,1,2,2,2,2,2,2,2,2,2,2,2,2,2,2,1,1,1,1,1,0,0,0,0,0,1,1,1,1,1,1,1,1,1,1,1,1,1,1,1,1,1,0,0,0,0,0,0,0,0,1,1,1,1,1,1,1,2,2,2,2,2,4,4,4,5,5,4,4,4,4,4,3,2,2,1,1,1,2,3,3,3,3,4,3,2,2,5,5,5,5,7,6,6,7,9,10,10,11,10,11,11,12,14,14,10,13,12,12,13,14,14,19,20,24,24,28,31,27,31,35,35,36,41,36,34,39,39
2,Alajuela,207,Palmares,11,10,9,5,4,3,3,4,4,4,4,3,3,2,2,2,2,2,2,2,2,2,2,2,2,2,2,2,2,2,2,2,2,1,1,1,1,1,1,1,1,1,1,1,1,1,1,1,1,1,1,1,1,1,1,1,1,0,0,0,0,0,0,0,1,1,1,2,2,2,4,6,6,15,16,20,24,24,24,26,27,29,33,36,36,27,33,25,25,25,25,26,26,24,25,23,24,18,20,21,19,20,22,25,30,34,30,38,38,39,41,47,48,48,49,55,62,63,48,51,50,52,59,63,60,64,76,84,85,94,106,108,112,104,112,119,127,134,107,113,115,119,130,136
2,Alajuela,208,Poás,5,5,5,5,4,3,3,3,2,2,2,2,2,2,2,2,2,2,2,0,0,0,0,0,0,0,0,0,0,0,0,0,0,0,0,0,0,0,0,0,0,0,0,0,0,0,2,2,3,3,3,3,3,3,3,3,5,6,7,8,8,8,8,8,9,9,10,10,10,10,4,4,4,6,6,6,6,7,7,8,9,11,13,13,12,18,23,24,30,33,33,34,36,35,37,36,39,42,44,37,39,40,43,46,49,40,37,41,40,41,41,42,39,38,36,37,34,37,44,48,52,51,51,51,57,76,73,75,78,85,95,99,99,96,86,77,78,81,85,77,81,81,80,87
2,Alajuela,216,Río Cuarto,0,0,0,0,0,0,0,0,0,0,0,0,0,0,0,0,0,0,0,0,0,0,0,0,0,0,0,0,0,0,0,0,0,0,0,0,0,0,0,0,0,0,0,0,0,0,0,0,0,0,0,0,0,0,0,0,1,1,1,0,0,0,0,0,0,0,0,0,0,0,0,0,0,0,0,0,0,0,0,0,0,0,0,0,1,1,4,4,4,4,4,4,4,4,5,6,6,6,6,7,7,8,8,12,12,13,13,13,17,17,17,17,17,19,19,22,23,24,26,28,31,31,31,36,38,44,47,54,57,66,90,98,98,106,116,109,106,120,121,126,130,141,147,156
2,Alajuela,210,San Carlos,24,22,22,22,21,20,20,18,17,16,16,18,12,12,10,10,7,5,4,4,3,3,2,2,1,1,1,1,2,2,2,2,2,3,4,4,6,6,11,14,14,21,25,29,38,40,43,70,77,84,116,121,126,133,154,157,165,171,161,160,161,168,175,153,136,132,119,117,108,111,110,91,93,106,100,103,103,112,94,98,78,81,86,89,95,95,91,88,103,111,118,107,116,124,130,120,128,144,155,154,174,192,193,205,207,175,169,174,181,192,195,218,238,238,237,244,245,262,261,266,279,291,309,334,356,351,372,434,456,498,532,550,567,613,661,678,703,737,782,796,807,877,906,944
2,Alajuela,204,San Mateo,0,0,0,0,0,0,0,0,0,0,0,0,0,0,0,0,0,0,0,0,0,0,0,0,0,0,0,0,0,0,0,0,0,0,0,0,0,0,0,0,0,0,1,1,1,1,1,1,1,1,1,1,1,1,1,0,0,0,0,0,0,0,0,0,0,0,0,0,0,0,0,0,0,0,0,0,0,1,1,1,1,2,2,2,2,3,3,3,2,2,2,2,2,0,0,0,0,0,0,0,0,0,0,0,0,1,1,1,1,1,1,1,1,1,1,0,0,0,0,0,0,1,1,1,1,1,1,1,2,2,1,2,2,2,2,2,2,2,2,2,2,3,5,5
2,Alajuela,202,San Ramón,10,10,10,10,10,10,9,9,9,10,10,10,11,11,11,11,11,11,11,12,12,12,11,11,11,11,11,11,11,11,12,12,12,11,12,12,20,24,26,36,35,35,35,40,44,45,47,52,51,51,61,90,104,107,109,110,110,109,109,110,111,111,112,79,79,79,81,81,77,74,76,56,22,33,38,43,46,49,52,55,53,58,58,62,66,63,69,74,63,67,69,70,71,56,57,48,57,58,61,63,64,66,55,54,71,77,81,85,85,89,92,95,99,101,106,103,106,107,88,92,98,102,110,113,78,88,100,111,121,129,143,154,162,155,166,144,148,158,164,167,180,185,208,217
2,Alajuela,212,Sarchí,5,5,5,5,5,3,4,4,4,4,3,3,3,3,3,3,3,3,3,3,3,3,3,2,2,2,3,2,3,3,3,3,3,3,3,3,3,3,3,3,3,3,3,3,3,3,8,7,2,2,1,1,1,1,1,1,1,0,0,0,0,0,0,0,0,0,0,0,0,0,0,0,1,1,1,44,1,1,1,2,3,5,7,7,9,9,9,11,12,13,13,13,18,17,19,20,21,23,23,23,23,20,20,18,18,17,17,14,16,16,19,19,19,22,22,22,23,23,23,23,25,25,26,27,26,26,26,24,26,27,28,29,29,29,33,36,37,40,21,21,22,29,30,35
2,Alajuela,213,Upala,0,0,0,0,0,0,0,0,0,0,0,0,0,0,0,0,0,0,0,1,0,0,0,0,0,0,0,0,3,3,3,3,3,3,3,3,3,3,3,3,3,4,4,4,8,9,8,14,21,23,26,27,40,43,45,44,44,44,45,49,50,54,47,43,32,34,47,42,42,42,49,45,46,48,50,1,61,59,55,49,45,36,37,38,32,29,30,28,26,27,31,29,22,22,20,20,20,14,13,6,5,4,4,5,6,3,3,3,5,5,5,6,7,8,12,12,14,15,14,14,17,12,11,10,12,13,20,22,24,25,33,35,35,44,46,45,45,47,47,47,51,44,43,42
2,Alajuela,211,Zarcero,0,0,0,0,0,0,0,0,0,0,0,0,0,0,0,0,0,0,0,0,0,0,0,0,0,0,0,0,0,0,0,0,0,0,0,0,0,2,2,2,2,2,4,5,7,7,9,9,9,9,9,9,9,9,9,9,8,8,8,8,8,8,8,8,8,8,8,7,7,7,8,8,6,8,7,7,6,6,6,6,6,6,6,6,6,6,6,6,5,3,3,3,8,10,9,8,8,8,8,8,8,9,11,12,12,13,13,13,15,16,16,17,17,19,18,18,12,12,12,12,12,12,14,14,15,14,14,13,13,15,19,16,17,17,25,28,30,50,50,54,54,67,70,81
3,Cartago,306,Alvarado,1,1,1,1,1,1,0,0,0,0,0,0,0,0,0,0,0,0,0,0,0,0,0,0,0,0,0,0,0,0,0,0,0,0,0,0,0,0,0,0,0,0,0,0,0,0,0,0,0,0,0,0,0,0,0,0,0,0,0,0,0,0,0,0,0,0,0,0,0,0,0,1,1,1,1,1,1,1,1,1,1,1,1,1,1,2,3,3,3,3,3,4,4,5,4,5,6,6,6,6,6,6,6,6,6,5,4,4,4,4,4,3,3,3,3,4,4,6,9,10,15,14,15,17,18,18,18,18,17,14,14,13,12,14,17,18,19,21,21,22,23,25,28,28
3,Cartago,301,Cartago,11,11,10,10,10,10,10,9,9,9,9,10,11,10,10,9,6,6,6,6,6,6,6,6,6,6,6,5,5,5,5,5,5,4,3,4,5,5,5,5,5,5,5,5,6,6,6,6,6,6,7,8,8,9,8,8,8,6,4,6,6,6,7,5,6,9,9,11,13,14,15,15,19,20,24,25,28,28,32,37,40,44,46,48,53,48,49,52,56,62,66,67,77,92,93,100,102,109,114,116,117,125,123,126,129,121,116,108,117,127,127,124,127,122,135,144,150,152,161,162,173,183,192,208,220,226,233,243,257,279,304,322,318,331,348,374,399,417,422,434,448,480,503,499
3,Cartago,308,El Guarco,3,3,3,3,2,2,2,2,2,2,2,2,1,1,0,0,0,0,0,0,0,0,0,0,0,1,1,1,1,1,1,1,1,1,1,1,1,1,1,1,1,1,1,1,1,1,1,1,2,2,2,2,2,2,2,2,2,2,1,2,2,3,3,3,3,4,4,4,5,6,6,6,8,8,9,10,10,10,11,15,14,13,14,15,15,15,18,18,18,20,21,22,24,30,30,35,37,39,42,45,46,47,47,47,44,46,49,50,54,54,56,56,57,58,60,63,64,66,68,68,71,77,81,85,90,90,92,96,109,124,128,129,134,137,144,145,150,165,170,174,184,192,198,210
3,Cartago,304,Jiménez,0,0,0,0,0,0,0,0,0,0,0,0,0,0,0,0,0,0,0,0,0,0,0,0,0,0,0,0,0,0,0,0,0,0,0,0,0,0,0,0,0,0,0,0,0,0,0,0,0,0,0,0,1,1,1,1,1,1,2,3,3,3,3,3,4,4,6,6,6,6,6,6,6,6,5,5,5,5,5,0,0,0,0,0,0,0,0,0,0,0,0,0,1,2,2,2,2,2,2,2,2,2,2,3,3,1,1,1,2,2,2,2,3,3,5,4,5,5,5,8,8,13,14,14,14,14,14,14,12,12,12,12,14,17,17,19,12,15,17,17,20,23,25,25
3,Cartago,303,La Unión,14,12,12,12,16,16,15,13,12,13,13,14,14,14,14,14,13,13,12,11,11,11,11,11,12,12,10,10,10,10,11,10,10,10,11,11,11,11,11,11,10,8,9,9,9,8,9,9,9,9,12,12,11,11,11,11,12,11,13,14,16,18,18,20,20,21,21,23,26,35,40,46,54,57,57,61,64,68,60,83,86,89,92,99,115,126,127,137,148,160,169,167,185,205,226,256,277,296,284,290,298,304,312,331,337,331,296,315,341,346,357,374,393,401,432,451,482,501,511,492,494,506,538,561,587,578,588,609,623,654,672,709,723,742,774,715,765,824,844,851,897,939,977,987
3,Cartago,307,Oreamuno,5,5,5,4,4,4,4,4,3,2,2,2,2,2,2,2,1,1,1,1,1,1,1,1,2,2,2,2,2,3,4,4,4,4,4,4,4,4,4,4,4,4,4,4,4,4,4,3,3,3,3,3,3,2,2,2,3,1,3,3,4,4,4,4,5,5,5,5,5,6,5,6,7,7,7,9,10,10,9,10,8,6,6,16,16,16,16,17,20,23,23,24,23,23,23,24,24,22,21,24,27,18,19,18,19,19,19,19,20,21,25,27,29,28,29,32,39,44,72,74,77,78,80,83,88,104,108,96,112,110,121,123,131,126,132,128,139,149,151,149,157,163,178,181
3,Cartago,302,Paraíso,1,1,1,1,1,1,1,1,1,1,1,1,1,1,1,1,1,1,1,0,1,1,1,1,1,1,1,1,1,1,1,1,1,1,1,1,1,1,1,1,1,1,1,1,1,1,1,1,2,2,2,2,3,3,3,3,3,3,2,3,3,3,3,3,3,3,3,3,3,4,3,3,3,3,3,4,4,4,4,6,7,7,8,8,7,8,13,14,16,16,17,17,18,24,24,24,24,25,27,24,25,29,26,28,25,23,17,15,19,18,18,20,23,22,20,24,29,30,32,34,33,33,39,44,43,47,48,54,58,55,53,55,59,63,66,70,69,71,72,71,76,84,92,97
3,Cartago,305,Turrialba,1,1,1,1,1,1,1,1,1,1,1,1,1,1,1,1,1,2,2,2,2,2,2,2,2,2,2,2,2,2,2,2,2,2,2,2,2,2,1,1,1,1,2,1,1,1,1,1,1,1,1,1,1,1,0,0,0,1,0,0,0,0,0,0,0,0,0,0,0,0,0,0,0,0,1,1,3,3,5,3,3,3,4,6,7,8,9,9,9,10,10,9,4,6,9,9,11,16,16,16,17,19,21,22,23,19,20,18,19,19,19,23,26,27,28,25,28,31,33,34,35,35,40,46,50,50,50,52,55,56,57,61,60,61,63,64,62,68,68,66,70,79,80,70
4,Heredia,402,Barva,7,7,7,7,7,7,6,6,6,5,4,4,4,4,4,4,4,3,3,1,0,0,0,0,0,0,0,0,0,0,0,0,0,0,0,0,0,0,0,0,0,0,1,1,1,1,1,1,1,1,3,4,5,5,5,5,2,4,6,6,6,6,6,6,4,5,10,12,15,15,19,21,22,22,20,22,24,24,25,28,30,29,33,36,37,41,42,51,54,59,77,72,78,81,83,88,89,94,94,97,90,89,90,95,96,90,87,89,94,95,105,108,104,107,111,113,114,119,113,104,104,106,113,119,128,133,137,147,163,172,184,184,197,192,201,203,217,213,221,239,238,244,262,274
4,Heredia,407,Belén,3,3,3,3,2,2,2,2,2,0,0,0,0,0,0,0,0,0,0,0,0,0,0,0,0,0,0,0,0,0,0,0,0,0,0,0,0,0,0,0,0,0,0,1,1,1,3,3,3,3,6,6,9,9,9,9,10,10,11,9,11,12,12,14,16,16,19,24,17,17,18,19,20,23,29,31,31,31,31,26,26,29,31,32,31,30,34,34,35,36,38,38,29,29,29,34,37,37,39,38,41,41,40,41,42,43,50,53,56,63,63,71,71,77,81,86,95,98,100,101,105,104,97,103,104,105,114,111,113,121,128,132,136,139,146,157,170,180,183,185,190,193,204,191
4,Heredia,408,Flores,1,1,1,0,0,0,0,0,0,0,0,0,0,0,0,0,0,0,0,0,0,0,0,0,0,0,0,0,0,0,0,0,0,0,0,0,0,0,0,0,0,0,0,0,0,0,0,0,0,0,0,1,1,1,1,1,1,2,3,4,4,4,4,4,4,5,6,7,8,8,9,9,10,10,13,15,15,17,18,20,20,20,21,24,25,29,32,33,34,35,39,40,41,44,45,48,48,54,56,57,60,62,61,62,63,64,70,71,73,75,77,77,75,75,80,87,98,102,102,105,113,111,117,131,135,136,143,143,150,155,163,165,172,174,184,195,204,211,211,216,216,219,228,213
4,Heredia,401,Heredia,13,13,11,11,11,10,9,9,8,7,7,7,9,9,21,21,21,19,19,18,17,17,21,29,29,28,28,28,28,29,29,28,28,28,28,28,28,28,28,29,29,31,32,33,36,40,43,43,42,42,50,55,61,62,64,69,77,78,83,79,82,89,92,96,99,103,107,107,112,118,118,126,146,154,177,181,192,202,219,246,262,284,312,337,359,390,407,423,429,453,463,491,512,540,565,585,631,641,663,676,695,734,742,775,793,836,870,897,950,987,999,1029,1065,1101,1166,1201,1227,1263,1285,1314,1345,1328,1340,1330,1338,1348,1336,1373,1394,1429,1476,1501,1514,1543,1596,1656,1719,1765,1805,1848,1898,1956,1996,2064
4,Heredia,406,San Isidro,0,0,0,0,0,0,0,0,0,0,0,0,0,0,0,0,0,0,0,0,0,0,0,0,0,0,0,0,0,0,0,0,0,0,0,0,0,0,0,0,0,0,0,0,0,1,0,0,0,0,0,0,0,0,0,0,0,0,0,0,0,0,0,0,3,3,4,4,4,6,7,9,11,12,14,14,14,16,19,24,26,31,34,37,37,41,42,39,39,42,47,50,50,55,60,62,63,55,57,60,61,65,67,71,66,66,69,73,87,90,94,94,95,102,116,121,131,133,133,131,135,131,132,135,135,137,131,120,129,121,122,132,132,137,149,152,162,173,175,185,190,188,187,193
4,Heredia,409,San Pablo,8,7,7,6,5,5,5,5,5,5,4,4,4,4,4,4,4,4,4,3,2,2,2,2,2,2,2,2,2,2,2,2,1,1,1,1,1,1,1,1,1,2,3,4,8,8,8,9,9,9,9,9,14,14,14,14,14,12,12,13,13,13,12,12,12,12,13,13,13,12,13,14,15,15,21,21,22,23,29,28,28,31,37,39,41,42,53,59,58,58,61,64,66,67,70,75,76,83,84,87,90,91,91,95,91,95,96,101,111,117,123,120,128,113,117,124,129,127,128,128,130,115,126,134,139,140,148,147,154,159,170,170,177,187,197,205,217,225,233,239,242,247,251,242
4,Heredia,405,San Rafael,5,5,5,5,4,4,3,3,3,3,3,3,3,3,3,3,3,3,3,3,3,3,3,3,3,3,3,3,3,3,3,2,2,2,2,2,2,2,3,3,3,3,3,4,4,4,3,3,2,2,2,4,4,5,6,6,4,8,9,13,13,14,15,15,15,16,11,11,12,12,14,15,16,20,22,28,33,36,41,43,46,47,52,59,60,70,85,87,93,97,99,104,107,110,117,125,127,127,132,133,117,110,107,113,123,115,119,127,124,120,137,144,135,147,164,158,173,172,176,178,180,175,178,178,186,192,193,196,214,223,222,229,239,237,241,242,260,252,273,278,278,293,311,327
4,Heredia,404,Santa Barbara,0,0,0,0,0,0,0,0,0,0,0,0,0,0,0,0,0,0,0,0,0,0,0,0,0,0,0,0,0,0,0,0,0,0,0,0,0,0,0,0,0,0,0,0,0,0,0,0,0,0,0,0,1,3,3,3,3,3,3,4,6,6,7,9,11,11,8,9,9,9,10,10,14,16,17,17,17,14,11,13,17,19,26,28,29,30,32,38,38,42,42,43,43,45,49,50,54,55,57,61,53,55,57,58,59,62,62,52,56,65,70,73,78,80,92,99,106,115,118,120,123,97,106,110,117,120,127,133,127,133,144,150,155,162,174,186,194,199,207,210,220,170,179,190
4,Heredia,403,Santo Domingo,6,6,5,5,5,5,5,4,4,4,4,4,3,2,2,2,2,2,2,2,2,2,2,2,2,2,1,2,2,2,2,1,1,1,2,2,2,2,3,3,3,3,3,3,3,3,3,4,4,4,4,4,5,5,6,6,6,7,7,8,8,8,7,8,9,9,9,6,7,8,9,10,13,18,21,25,25,27,30,37,38,38,39,42,44,49,55,59,63,81,89,87,80,90,103,111,117,126,126,130,135,137,130,137,144,145,151,153,178,173,174,174,177,187,203,209,221,230,233,238,246,268,279,296,308,309,323,332,351,356,369,372,387,384,385,383,395,421,427,426,432,423,433,458
4,Heredia,410,Sarapiquí,0,0,0,0,0,0,0,0,0,0,0,0,0,0,0,0,0,0,0,0,0,0,0,0,0,0,0,0,0,0,0,1,1,1,1,1,1,2,2,3,3,4,4,5,5,5,5,4,5,7,7,7,5,6,6,7,7,7,7,7,5,5,5,6,7,7,7,6,6,6,6,6,6,8,8,8,8,7,7,7,7,7,10,10,10,9,9,9,10,11,13,13,16,18,18,20,20,21,22,23,17,18,20,21,23,25,23,23,26,26,28,31,33,33,36,36,37,37,38,41,42,43,38,34,35,36,43,50,45,52,60,62,63,64,63,68,81,86,88,93,94,101,88,104
5,Guanacaste,507,Abangares,0,0,0,0,0,0,0,1,1,1,1,1,1,1,1,1,1,1,1,1,0,0,0,0,2,2,2,2,3,3,3,5,5,5,9,9,16,16,16,16,17,19,19,19,19,19,19,19,19,19,19,20,18,15,15,15,15,0,0,0,0,0,1,1,1,1,1,1,1,1,1,1,1,1,1,1,4,6,6,5,5,5,5,5,5,5,3,4,4,4,4,1,1,1,1,1,1,1,1,2,2,3,4,6,7,7,7,7,8,7,7,5,5,5,5,3,3,3,3,3,3,3,4,5,6,7,7,8,11,15,18,20,20,21,22,25,27,30,31,31,26,26,25,25
5,Guanacaste,504,Bagaces,0,0,0,0,0,0,0,0,0,3,3,5,5,5,5,5,5,5,5,6,6,6,6,6,6,6,6,6,6,6,5,5,5,5,4,3,3,4,4,4,4,5,5,7,7,8,8,9,9,9,9,9,10,13,13,13,13,10,10,7,7,7,7,5,5,5,4,4,5,5,6,8,8,10,10,10,14,15,14,14,10,10,10,10,10,10,10,10,10,12,11,4,4,4,4,3,3,3,5,5,5,4,4,5,5,3,3,2,4,7,7,7,7,6,8,7,5,5,6,6,5,5,5,5,7,7,6,7,9,11,11,13,14,15,14,17,16,15,18,19,16,18,21,23
5,Guanacaste,506,Cañas,0,0,0,0,0,0,0,0,0,0,0,0,0,0,0,0,0,1,2,3,4,4,7,8,8,8,10,11,13,16,15,16,18,18,19,19,19,19,20,20,20,22,22,23,24,24,25,25,25,25,25,25,25,25,25,25,25,8,9,12,12,12,12,10,9,9,8,8,8,8,9,9,9,12,15,16,19,19,20,22,34,40,49,53,53,53,54,54,55,55,56,49,37,33,25,25,26,26,28,18,12,12,12,18,22,24,25,26,26,15,15,17,15,13,14,11,11,13,15,16,15,15,14,16,17,15,11,14,16,16,17,20,20,19,21,23,22,24,24,25,30,30,31,28
5,Guanacaste,505,Carrillo,2,2,2,2,0,0,0,0,0,0,0,0,0,0,0,0,0,0,0,0,0,0,0,0,0,0,0,0,0,0,0,0,0,0,0,0,0,0,0,0,0,0,0,0,0,1,1,1,1,1,1,1,2,2,2,2,3,3,2,2,2,2,2,2,2,2,2,2,2,2,2,1,2,6,7,7,5,5,5,6,10,11,13,13,9,6,6,6,11,12,12,13,12,12,10,11,14,13,13,13,13,14,9,10,10,8,7,7,8,5,6,6,5,4,4,4,4,4,5,6,4,3,4,7,9,11,11,14,15,16,15,14,14,13,14,15,16,15,16,20,18,21,26,28
5,Guanacaste,511,Hojancha,1,0,0,0,0,0,0,0,0,0,0,0,0,0,0,0,0,0,0,0,0,0,0,0,0,0,0,0,0,0,0,0,0,0,0,0,0,0,0,0,0,0,0,0,0,0,0,0,0,0,0,0,0,1,6,7,7,11,12,14,15,15,15,15,15,15,16,12,12,8,7,6,5,5,5,6,6,6,5,5,7,7,7,7,7,8,8,5,5,5,5,5,6,5,3,3,3,3,3,2,2,2,2,3,3,3,4,4,3,3,3,4,7,7,7,7,5,5,6,5,2,2,2,2,2,2,2,2,3,4,4,4,4,6,6,6,7,9,9,8,7,6,7,7
5,Guanacaste,510,La Cruz,0,0,0,0,0,0,0,0,0,0,0,0,0,1,1,1,1,1,1,7,1,1,1,1,1,1,1,1,1,1,1,2,2,2,6,6,6,6,6,6,6,5,5,5,5,6,6,6,6,6,6,6,6,6,7,5,5,5,6,3,8,8,22,22,22,24,24,25,26,20,21,22,22,29,27,30,30,27,27,27,27,26,26,25,25,26,26,21,20,8,6,5,5,6,12,12,16,22,21,22,18,18,17,32,32,27,26,26,23,23,19,21,20,8,8,8,11,13,13,16,15,19,18,24,26,28,28,27,22,21,23,30,30,28,28,25,24,25,27,28,20,20,20,22
5,Guanacaste,501,Liberia,0,0,0,0,0,0,0,1,1,2,2,2,2,2,2,2,2,2,3,3,3,3,3,3,3,3,3,3,3,3,3,3,3,6,6,7,9,11,11,11,11,13,12,15,15,14,14,15,15,15,16,17,16,16,16,16,17,10,11,13,13,15,16,17,20,22,23,26,30,31,36,39,41,46,46,46,49,51,43,43,49,45,49,50,51,52,44,46,46,51,55,57,56,51,50,46,46,47,46,46,30,35,34,36,37,40,39,34,41,40,42,45,49,50,53,56,56,54,55,56,57,60,63,63,66,52,54,59,60,64,70,77,82,88,94,99,111,120,131,133,140,150,160,182
5,Guanacaste,509,Nandayure,0,0,0,0,0,0,0,0,0,0,0,0,0,0,0,0,0,0,0,0,0,0,0,0,0,0,0,0,0,0,0,0,0,0,0,0,0,0,0,0,0,0,0,0,0,0,0,0,0,0,0,0,0,0,1,1,1,1,1,1,1,1,1,1,1,0,0,0,0,0,0,0,0,0,0,0,0,0,0,0,0,0,0,0,0,0,0,0,0,0,0,0,0,0,1,1,1,1,1,1,1,2,2,3,4,4,3,3,3,3,3,3,3,3,3,3,2,4,3,3,1,1,2,1,2,2,2,2,2,3,3,3,3,3,2,3,3,3,3,3,3,3,5,6
5,Guanacaste,502,Nicoya,1,1,1,0,0,0,0,0,0,0,0,0,0,0,0,0,0,0,0,0,0,0,0,0,0,0,0,0,0,0,0,0,0,0,0,0,0,0,0,0,0,0,0,4,4,4,4,4,4,4,7,10,10,14,16,19,17,22,26,34,36,40,40,41,43,47,57,56,60,62,62,62,62,36,30,34,35,35,36,30,32,24,26,27,38,40,39,37,32,34,34,34,37,36,35,36,36,36,37,37,23,24,24,26,26,19,21,21,22,22,22,23,26,26,28,29,28,30,33,33,34,32,29,27,32,33,32,31,35,38,39,41,42,45,52,54,63,64,69,74,75,95,110,108
5,Guanacaste,503,Santa Cruz,0,0,0,0,0,0,0,0,0,0,0,0,0,0,0,0,0,0,1,1,1,1,1,1,1,1,1,1,1,1,1,1,1,1,1,1,1,1,1,1,1,1,1,1,1,3,4,4,4,4,4,4,4,3,3,3,3,0,1,1,2,2,3,4,7,8,8,8,12,12,11,12,11,13,14,14,10,10,12,12,13,16,17,18,20,18,15,15,16,15,15,9,9,10,10,11,16,17,20,20,21,20,22,22,23,22,20,16,19,17,18,18,13,13,14,10,18,19,21,23,23,32,31,37,41,39,29,23,23,22,24,26,28,28,30,26,28,31,33,37,35,37,44,54
5,Guanacaste,508,Tilarán,0,0,0,0,0,0,0,0,0,0,0,0,0,0,0,0,0,0,0,0,0,0,0,0,0,0,0,0,0,0,0,0,0,0,0,0,1,1,1,1,4,4,4,4,4,4,4,4,4,4,4,4,4,4,4,5,1,2,2,0,0,0,0,0,0,0,0,0,0,0,0,0,0,0,0,0,1,1,1,1,2,2,2,2,2,2,2,2,2,2,2,2,2,2,2,2,2,2,2,0,0,0,0,2,2,2,2,2,2,2,2,2,1,1,2,3,2,3,4,7,8,7,7,6,11,10,10,17,17,18,21,21,21,22,15,14,14,12,12,13,7,9,11,12
6,Puntarenas,603,Buenos Aires,0,0,0,0,0,0,0,0,0,0,0,0,0,0,0,0,0,0,0,0,0,0,0,0,0,0,0,0,0,0,0,0,0,0,0,0,0,0,0,0,0,0,0,0,0,0,0,0,0,0,0,0,0,0,0,0,0,0,0,0,0,0,0,0,0,1,1,1,1,2,2,2,2,2,2,2,2,2,1,2,2,2,2,1,2,2,2,3,3,4,4,4,4,4,4,4,4,5,5,5,6,7,7,9,9,6,5,5,5,4,4,4,4,4,4,4,4,5,6,6,6,7,7,8,8,11,11,11,12,14,13,14,14,15,15,15,15,17,18,21,24,27,25,28
6,Puntarenas,610,Corredores,0,0,0,0,0,0,0,0,0,0,0,0,0,0,0,0,0,0,1,1,0,0,0,0,0,0,0,0,0,0,0,0,0,0,0,1,1,1,1,1,1,1,1,1,1,1,1,1,1,1,1,1,1,1,1,1,1,0,1,4,7,6,8,9,18,23,25,26,29,37,37,40,44,37,40,47,47,59,58,72,73,86,92,106,112,132,139,144,148,163,176,178,199,196,217,261,299,306,317,324,334,343,344,348,351,371,348,366,369,391,393,381,400,339,344,265,239,242,259,234,222,236,235,253,253,256,267,267,286,287,297,305,307,320,320,363,367,374,386,391,398,406,421,425
6,Puntarenas,608,Coto Brus,2,2,2,2,2,2,2,2,2,2,2,2,2,0,0,0,0,0,0,0,0,0,0,0,0,0,0,0,0,0,0,0,0,0,0,0,0,0,0,0,0,0,0,0,0,0,0,0,0,0,0,0,0,0,0,0,0,0,0,0,0,0,0,0,0,1,1,1,1,1,1,1,1,1,1,1,1,1,1,2,2,2,2,2,2,2,2,2,2,2,2,1,1,1,1,2,3,3,3,4,4,4,4,4,4,5,5,5,5,5,5,6,8,9,11,11,11,13,15,15,15,17,17,17,19,19,19,19,20,20,20,22,22,22,25,26,27,30,30,33,34,40,44,50
6,Puntarenas,602,Esparza,2,2,2,2,2,2,2,2,2,2,2,2,2,2,1,1,1,0,0,0,0,0,0,0,0,0,0,0,0,0,0,0,0,0,0,0,0,0,0,0,0,0,0,0,0,0,0,0,0,0,0,0,1,1,3,3,4,4,4,4,4,4,5,6,5,5,5,6,3,3,4,3,3,3,3,3,3,1,1,1,3,5,7,7,7,10,10,10,10,14,14,12,13,13,13,13,15,12,10,14,10,10,10,17,19,18,15,18,20,24,24,28,28,32,24,25,24,22,24,23,19,21,22,24,22,24,23,25,27,33,30,31,35,38,40,45,47,47,51,59,61,71,78,79
6,Puntarenas,611,Garabito,19,18,17,17,17,17,15,15,10,10,10,10,10,10,9,9,8,8,8,8,7,7,7,7,7,7,7,7,7,6,5,3,3,3,3,3,2,2,2,2,2,1,1,1,2,2,2,2,2,2,2,2,5,5,5,6,6,7,6,6,6,6,6,6,4,4,3,3,3,3,2,2,2,4,4,5,5,5,4,4,4,4,4,4,4,4,2,2,3,5,5,5,5,7,7,7,8,9,9,9,8,8,9,11,11,10,11,10,10,11,11,13,13,12,12,12,13,11,11,12,12,12,13,15,19,22,23,23,30,38,44,50,64,70,73,88,93,99,101,107,108,114,118,95
6,Puntarenas,607,Golfito,0,0,0,0,0,0,0,0,0,0,1,1,1,1,1,1,1,1,1,1,1,1,1,1,1,1,2,2,2,2,2,2,2,2,2,2,2,2,1,1,1,1,1,1,1,0,0,0,0,0,0,0,0,0,0,0,0,0,0,0,0,0,0,0,0,1,1,3,3,4,4,5,6,6,13,33,33,33,33,34,34,34,34,33,33,35,38,38,39,39,40,39,40,39,40,42,43,44,47,48,50,52,60,65,67,68,71,71,71,75,77,74,76,71,62,50,47,49,49,47,43,45,45,55,61,65,77,77,78,85,88,94,96,98,99,100,107,113,129,134,144,148,167,169
6,Puntarenas,604,Montes de Oro,0,0,0,0,0,0,0,0,0,0,0,0,0,0,0,0,0,0,0,0,0,0,0,0,0,0,0,0,0,0,0,0,0,0,0,0,0,0,1,1,1,1,1,0,0,0,0,0,0,0,0,0,0,0,0,0,0,0,0,0,0,0,0,0,0,0,0,0,0,0,0,0,0,1,1,0,0,0,0,0,0,1,1,1,1,1,3,3,3,3,3,4,4,4,5,5,5,6,8,8,8,10,10,11,13,13,13,16,17,16,16,15,15,15,19,21,22,22,22,13,12,12,11,12,12,13,15,19,20,22,24,28,30,36,41,43,46,48,51,58,58,65,61,65
6,Puntarenas,605,Osa,5,4,4,4,4,4,4,4,4,4,3,3,3,3,3,3,4,4,4,4,4,4,4,4,4,4,4,4,4,4,3,3,3,3,3,3,3,3,3,3,2,2,2,2,1,1,1,1,1,1,1,1,1,1,1,0,0,0,0,0,0,0,0,0,1,1,1,2,2,2,2,2,2,2,3,3,3,4,4,4,4,4,4,6,6,6,6,5,5,5,6,6,6,7,9,12,12,16,17,24,23,24,25,25,28,28,28,29,35,35,35,36,40,37,37,33,33,36,36,35,36,37,44,44,45,53,59,59,59,71,72,82,119,122,125,126,134,137,137,154,156,156,158,162
6,Puntarenas,609,Parrita,0,0,0,0,0,0,0,0,0,0,0,0,0,0,0,0,0,0,0,0,0,0,0,0,0,0,0,0,0,0,0,0,0,0,0,0,0,0,0,0,0,0,0,0,0,0,0,0,0,0,0,0,0,0,0,0,0,0,0,0,0,0,0,1,1,1,1,1,1,1,1,1,1,1,1,1,1,0,0,0,0,0,0,0,0,1,4,3,3,2,4,5,4,4,7,7,7,7,8,9,9,10,6,11,13,15,16,18,18,22,20,20,19,16,16,16,16,13,9,10,9,10,10,11,10,11,14,16,12,11,12,14,18,18,18,21,22,22,25,28,27,31,31,29
6,Puntarenas,601,Puntarenas,2,1,1,1,1,1,1,1,1,1,1,1,2,2,2,2,2,2,2,2,2,2,2,2,2,2,2,2,2,1,1,0,0,0,1,1,1,1,2,3,3,7,7,12,15,16,16,17,21,25,28,28,29,34,33,35,35,31,30,31,26,27,27,30,31,30,33,36,42,42,41,42,45,48,51,58,59,59,60,60,57,59,62,63,54,56,60,58,56,55,59,57,56,61,64,67,69,68,66,53,46,38,36,44,53,53,52,63,74,74,75,83,89,91,87,91,95,96,103,96,78,84,84,85,92,94,99,115,132,144,150,158,165,173,196,212,215,217,222,245,249,274,286,323
6,Puntarenas,606,Quepos,0,0,0,0,0,0,0,0,0,0,0,0,0,0,0,0,0,0,0,1,1,1,1,1,1,1,1,1,1,2,2,2,2,2,3,3,3,4,4,4,4,4,4,4,4,4,4,4,4,4,4,4,4,4,4,4,5,1,1,2,2,2,2,1,1,2,2,1,1,0,0,0,0,0,0,1,1,1,2,3,5,6,6,7,7,7,10,10,12,13,12,13,13,12,13,14,14,13,13,13,12,9,10,10,7,7,6,10,9,9,12,12,14,16,18,19,23,28,30,31,32,32,27,30,31,37,37,36,41,46,48,54,56,61,63,56,62,63,80,87,89,92,79,73
7,Limón,706,Guácimo,0,0,0,0,0,0,0,0,0,0,0,0,0,0,0,0,0,0,0,0,0,0,0,1,1,1,1,1,1,1,1,1,1,1,1,1,1,1,1,1,1,1,1,1,0,1,0,2,2,0,1,2,2,2,2,2,2,2,2,2,2,1,1,1,2,3,3,3,4,4,4,4,4,8,9,10,14,15,15,17,18,18,18,18,18,19,19,19,19,21,21,21,21,23,22,24,28,28,31,28,30,33,34,37,43,47,47,49,57,59,60,64,67,69,76,76,78,70,74,77,82,81,87,95,102,108,114,120,119,126,135,144,146,151,162,167,171,170,172,183,194,197,195,189
7,Limón,701,Limón,1,1,1,1,1,1,1,1,1,1,1,1,1,1,1,1,1,1,1,1,1,2,1,1,1,1,1,1,1,1,1,1,1,1,1,1,1,0,0,0,0,0,0,0,0,0,0,0,0,1,1,4,4,4,8,11,12,13,14,20,22,23,23,28,23,23,19,18,16,15,11,11,15,13,13,12,11,11,11,13,15,16,15,15,11,11,15,17,17,16,15,15,19,40,44,53,55,56,61,68,69,81,81,84,65,63,58,67,78,75,74,85,97,107,98,103,104,107,109,105,108,111,104,95,101,121,134,147,160,167,190,204,231,234,235,244,243,277,328,369,397,428,468,483
7,Limón,705,Matina,0,0,0,0,0,0,0,0,0,0,0,0,0,0,0,0,0,0,0,0,0,0,0,0,0,0,0,0,0,0,0,0,0,0,0,0,0,0,0,0,0,0,0,0,0,0,0,0,0,0,0,0,0,0,1,1,3,3,3,3,3,3,3,3,4,3,3,3,3,3,4,4,5,5,5,5,5,5,6,6,6,5,5,5,5,5,6,5,3,3,4,4,4,3,3,4,5,5,5,6,6,7,7,8,8,7,8,9,10,10,10,12,11,11,10,9,9,9,13,14,14,14,14,15,15,16,16,17,18,24,26,27,27,32,34,37,39,43,49,59,69,79,87,87
7,Limón,702,Pococí,4,5,5,5,5,5,5,5,4,4,5,5,5,5,5,5,5,4,4,4,4,4,4,4,4,4,5,4,3,3,3,3,3,3,3,3,3,3,3,7,8,8,8,20,24,28,30,37,37,47,45,46,46,47,51,51,51,53,56,47,39,37,37,36,36,37,37,38,39,31,31,40,40,43,46,49,50,51,57,57,62,63,65,53,58,56,59,60,60,53,66,68,71,72,78,84,102,109,109,116,127,135,138,139,148,150,158,168,181,192,174,169,152,155,166,175,188,194,201,165,170,180,195,207,213,211,216,203,217,224,229,249,254,257,277,285,293,302,324,329,339,357,376,377
7,Limón,703,Siquirres,1,1,1,1,1,1,1,1,1,1,1,1,0,0,0,0,0,0,0,0,0,0,0,0,0,0,1,1,1,1,1,1,1,1,1,1,1,1,1,1,1,1,1,1,1,1,1,1,1,1,1,1,1,1,1,1,1,0,0,0,0,0,0,0,0,2,2,5,5,5,5,5,5,4,4,4,6,7,7,7,7,7,7,7,7,7,9,8,8,8,8,10,11,8,10,12,13,13,15,16,15,15,15,16,16,19,15,9,10,11,11,14,15,15,16,13,22,23,23,23,20,25,27,27,27,36,35,42,47,53,51,57,55,78,77,100,101,122,140,186,215,226,252,272
7,Limón,704,Talamanca,0,0,0,0,0,0,0,0,0,0,0,0,0,0,0,0,1,1,1,1,1,1,1,1,1,1,1,1,1,1,1,1,1,1,1,1,1,1,1,1,1,1,1,1,1,1,1,1,1,1,1,1,1,1,1,1,1,1,0,0,0,0,1,1,0,0,0,1,1,1,1,1,2,2,2,13,13,13,13,15,16,17,16,18,18,18,19,20,21,21,21,19,20,20,11,13,13,13,12,10,10,10,10,12,12,11,13,14,18,20,20,20,20,22,21,22,25,25,25,26,22,22,31,32,32,37,39,40,50,50,54,54,54,65,65,73,72,78,89,94,100,116,115,145
9,Otros,999,Otros,0,0,0,0,0,0,0,0,0,0,0,0,0,0,0,0,0,0,0,0,7,7,7,7,7,7,7,7,8,12,12,12,12,12,12,12,12,12,12,12,12,12,12,12,12,12,11,11,11,11,11,11,13,13,12,12,13,5,5,5,6,5,5,7,12,13,0,23,35,40,43,56,67,75,105,99,115,107,140,153,138,161,159,167,219,241,260,252,248,266,295,303,311,316,309,345,357,372,378,380,380,390,390,398,410,407,416,414,424,430,442,437,446,447,452,460,478,481,490,498,514,518,534,507,361,358,355,360,370,384,385,407,410,414,427,431,436,457,444,451,459,436,448,450HTTP/1.1 400 Bad Request
Content-Length: 0
Connection: close
Server: Jetty(7.6.8.v20121106)

